timestamp,market_id,race_name,track,date,leg,selection,odds,stake,result,profit,balance
2025-08-22T18:42:01.065002+01:00,1.246885272,1m4f Hcap,Hamilton 22nd Aug,2025-08-22 17:35:00+00:00,1,Defiance,3.2,8.8,L,-8.8,211.2
2025-08-22T18:56:31.245844+01:00,1.246885242,1m4f Hcap,Goodwood 22nd Aug,2025-08-22 17:48:00+00:00,2,Sound Janet,4.4,13.2,L,-13.2,198.0
2025-08-22T19:17:30.939917+01:00,1.246887122,1m6f Hcap,Killarney 22nd Aug,2025-08-22 18:11:00+00:00,3,Kilmeaden,4.9,19.8,L,-19.8,178.2
2025-08-22T19:37:01.469331+01:00,1.246888788,3m2f Hcap Chs,Kilbeggan 22nd Aug,2025-08-22 18:25:00+00:00,4,Bal Kauto,2.44,32.67,W,47.0448,225.2448
2025-08-22T19:49:31.013839+01:00,1.246887127,1m6f Hcap,Killarney 22nd Aug,2025-08-22 18:41:00+00:00,1,Bear Creek,3.4,9.01,L,-9.01,216.2348
2025-08-22T20:03:31.261104+01:00,1.246888793,2m INHF,Kilbeggan 22nd Aug,2025-08-22 18:55:00+00:00,2,Sellerna Bay,2.34,14.87,L,-14.87,201.3648
2025-08-22T20:23:01.275157+01:00,1.246887132,2m1f Stks,Killarney 22nd Aug,2025-08-22 19:15:00+00:00,3,Enniskerry,2.98,24.54,L,-24.54,176.8248
2025-08-23T13:30:01.233918+01:00,1.246917797,2m Mdn Hrd,Killarney 23rd Aug,2025-08-23 12:20:00+00:00,1,Wholelotofbusiness,2.04,8.8,L,-8.8,211.2
2025-08-23T14:01:02.048109+01:00,1.246917728,7f Mdn,Curragh 23rd Aug,2025-08-23 12:42:00+00:00,2,Circle of Life,4.9,13.2,L,-13.2,198.0
2025-08-23T14:16:01.267173+01:00,1.246913771,7f Hcap,Goodwood 23rd Aug,2025-08-23 13:05:00+00:00,3,Mudbir,4.0,19.8,L,-19.8,178.2
2025-08-23T14:35:31.566630+01:00,1.246914732,1m6f Hcap,York 23rd Aug,2025-08-23 13:25:00+00:00,4,Many Men,6.2,29.7,L,-29.7,148.5
2025-08-23T14:48:31.442688+01:00,1.246913777,1m4f Hcap,Goodwood 23rd Aug,2025-08-23 13:40:00+00:00,5,Warda Jamila,3.6,44.55,L,-44.55,103.95
2025-08-23T15:00:01.192196+01:00,1.246917738,1m4f Hcap,Curragh 23rd Aug,2025-08-23 13:52:00+00:00,6,Shaool,3.7,103.95,L,-103.95,0.0
2025-08-23T15:14:31.658104+01:00,1.246917813,2m6f Hcap Hrd,Killarney 23rd Aug,2025-08-23 14:05:00+00:00,7,Persian Daughter,6.2,103.95,L,-103.95,-103.95
2025-08-23T15:37:01.680201+01:00,1.246917743,7f Grp 2,Curragh 23rd Aug,2025-08-23 14:27:00+00:00,8,Constitution River,1.83,103.95,W,86.27850000000001,-17.671499999999995
2025-08-23T15:47:00.901818+01:00,1.246917819,2m1f Beg Chs,Killarney 23rd Aug,2025-08-23 14:40:00+00:00,1,Downmexicoway,3.05,0.01,W,0.020499999999999997,-17.650999999999996
2025-08-23T15:58:01.215264+01:00,1.246913783,1m2f Hcap,Goodwood 23rd Aug,2025-08-23 14:50:00+00:00,1,Asmen Warrior,2.68,0.01,L,-0.01,-17.660999999999998
2025-08-23T16:08:31.074615+01:00,1.246917748,7f Grp 2,Curragh 23rd Aug,2025-08-23 15:02:00+00:00,2,Composing,1.95,0.02,W,0.019,-17.642
2025-08-23T16:25:01.503739+01:00,1.246917824,2m7f Nov Chs,Killarney 23rd Aug,2025-08-23 15:15:00+00:00,1,Boston Rover,3.9,0.01,W,0.028999999999999998,-17.613
2025-08-23T16:50:32.371534+01:00,1.246917753,1m4f Hcap,Curragh 23rd Aug,2025-08-23 15:37:00+00:00,1,Spring Dance,4.4,0.01,L,-0.01,-17.623
2025-08-23T17:16:31.172805+01:00,1.246917758,1m2f Mdn,Curragh 23rd Aug,2025-08-23 16:10:00+00:00,2,Slaney Drive,2.12,0.02,W,0.022400000000000003,-17.6006
2025-08-23T17:30:01.138733+01:00,1.246914770,1m2f Hcap,York 23rd Aug,2025-08-23 16:20:00+00:00,1,Westridge,4.9,0.01,L,-0.01,-17.6106
2025-08-23T17:54:01.630267+01:00,1.246917400,6f Nov Stks,Windsor 23rd Aug,2025-08-23 16:45:00+00:00,2,Gaurdman,3.55,0.02,L,-0.02,-17.6306
2025-08-23T18:10:01.287724+01:00,1.246913302,6f Nov Stks,Redcar 23rd Aug,2025-08-23 17:00:00+00:00,3,Wonderful Friend,2.44,0.04,L,-0.04,-17.6706
2025-08-23T18:21:30.808690+01:00,1.246917394,1m3f Listed,Windsor 23rd Aug,2025-08-23 17:15:00+00:00,4,Caviar Heights,2.56,0.07,L,-0.07,-17.7406
2025-08-23T18:36:01.288039+01:00,1.246913308,1m Nov Stks,Redcar 23rd Aug,2025-08-23 17:30:00+00:00,5,Eternal Force,1.11,1.53,W,0.16830000000000014,-17.572300000000002
2025-08-23T18:52:31.369534+01:00,1.246917406,1m2f Grp 3,Windsor 23rd Aug,2025-08-23 17:45:00+00:00,1,Military Order,1.57,0.01,L,-0.01,-17.582300000000004
2025-08-23T19:10:01.399133+01:00,1.246913313,1m Hcap,Redcar 23rd Aug,2025-08-23 18:00:00+00:00,2,Double Parked,2.94,0.02,W,0.0388,-17.543500000000005
2025-08-23T19:22:31.516363+01:00,1.246917411,1m Hcap,Windsor 23rd Aug,2025-08-23 18:15:00+00:00,1,Bravo Zulu,4.3,0.01,L,-0.01,-17.553500000000007
2025-08-23T19:53:31.177212+01:00,1.246917452,1m3f Hcap,Windsor 23rd Aug,2025-08-23 18:45:00+00:00,2,Love You Back,2.04,0.02,L,-0.02,-17.573500000000006
2025-08-24T14:01:33.207121+01:00,1.246958040,7f Mdn,Naas 24th Aug,2025-08-24 12:40:00+00:00,1,Elly Bay,4.1,8.8,L,-8.8,211.2
2025-08-24T14:11:01.064597+01:00,1.246953502,1m2f Hcap,Beverley 24th Aug,2025-08-24 13:05:00+00:00,2,Mafting,3.2,13.2,L,-13.2,198.0
2025-08-24T14:23:01.035592+01:00,1.246958045,6f Mdn,Naas 24th Aug,2025-08-24 13:15:00+00:00,3,Dawn Romance,2.28,21.78,W,27.878399999999996,225.8784
2025-08-24T14:31:30.885482+01:00,1.246953549,7f Grp 3,Goodwood 24th Aug,2025-08-24 13:25:00+00:00,1,Moon Target,2.86,9.04,L,-9.04,216.8384
2025-08-24T14:50:00.841840+01:00,1.246953470,7f Nov Stks,Yarmouth 24th Aug,2025-08-24 13:45:00+00:00,2,Explosion,2.76,14.92,L,-14.92,201.91840000000002
2025-08-24T15:16:01.031899+01:00,1.246953515,5f Nursery,Beverley 24th Aug,2025-08-24 14:10:00+00:00,3,Gaga Mate,2.94,24.62,L,-24.62,177.29840000000002
2025-08-24T15:32:01.428767+01:00,1.246958055,6f Grp 3,Naas 24th Aug,2025-08-24 14:25:00+00:00,4,Sky Majesty,2.14,51.14,W,58.299600000000005,235.598
2025-08-24T15:42:01.198115+01:00,1.246953561,1m Grp 2,Goodwood 24th Aug,2025-08-24 14:35:00+00:00,1,Make Me King,3.95,9.43,L,-9.43,226.168
2025-08-24T15:53:31.449873+01:00,1.246953522,7f Mdn Stks,Beverley 24th Aug,2025-08-24 14:45:00+00:00,2,Ten Sixty Six,3.25,14.15,L,-14.15,212.018
2025-08-24T16:02:31.029832+01:00,1.246953483,1m Hcap,Yarmouth 24th Aug,2025-08-24 14:55:00+00:00,3,City Of York,3.15,21.23,L,-21.23,190.788
2025-08-24T16:17:01.271646+01:00,1.246953567,1m Nov Stks,Goodwood 24th Aug,2025-08-24 15:10:00+00:00,4,Kings Trust,3.25,31.85,L,-31.85,158.93800000000002
2025-08-24T16:25:30.970691+01:00,1.246953529,1m Hcap,Beverley 24th Aug,2025-08-24 15:20:00+00:00,5,Mudamer,4.5,47.78,L,-47.78,111.15800000000002
2025-08-24T16:42:31.300963+01:00,1.246958065,1m2f Hcap,Naas 24th Aug,2025-08-24 15:35:00+00:00,6,Elusive Duke,5.8,111.15800000000002,L,-111.15800000000002,0.0
2025-08-25T13:35:00.861838+01:00,1.246981755,6f Mdn Stks,Ripon 25th Aug,2025-08-25 12:30:00+00:00,1,Dream More,2.74,8.8,L,-8.8,211.2
2025-08-25T13:55:01.808557+01:00,1.246982080,5f Mdn Stks,Southwell 25th Aug,2025-08-25 12:45:00+00:00,2,Ophelia Grace,1.39,27.08,W,10.561199999999996,221.76119999999997
2025-08-25T14:06:01.215732+01:00,1.246982659,2m2f Mdn Hrd,Downpatrick 25th Aug,2025-08-25 12:58:00+00:00,1,Front Door Famous,1.68,8.88,L,-8.88,212.88119999999998
2025-08-25T14:16:30.845025+01:00,1.246981666,7f Mdn Stks,Epsom 25th Aug,2025-08-25 13:10:00+00:00,2,Ghost Mode,1.46,23.17,L,-23.17,189.71119999999996
2025-08-25T14:41:01.134243+01:00,1.246982664,2m2f Hcap Hrd,Downpatrick 25th Aug,2025-08-25 13:33:00+00:00,3,Wing Back,2.2,32.06,L,-32.06,157.65119999999996
2025-08-25T15:07:33.221443+01:00,1.246981671,7f Hcap,Epsom 25th Aug,2025-08-25 13:45:00+00:00,4,Partisan Hero,4.4,48.09,W,163.50600000000003,321.1572
2025-08-25T15:21:01.093571+01:00,1.246981775,6f Listed,Ripon 25th Aug,2025-08-25 14:15:00+00:00,1,Al Shaham,2.26,12.85,L,-12.85,308.30719999999997
2025-08-25T15:34:01.561517+01:00,1.246982087,1m Hcap,Southwell 25th Aug,2025-08-25 14:25:00+00:00,2,Breakdancer,3.1,19.28,W,40.48800000000001,348.79519999999997
2025-08-25T15:52:01.742904+01:00,1.246982674,2m6f Hcap Hrd,Downpatrick 25th Aug,2025-08-25 14:43:00+00:00,1,Eternal Angel,5.5,13.96,L,-13.96,334.8352
2025-08-25T16:06:31.648701+01:00,1.246981685,1m2f Hcap,Epsom 25th Aug,2025-08-25 14:55:00+00:00,2,Soul Dance,3.0,20.94,L,-20.94,313.8952
2025-08-25T16:26:01.273351+01:00,1.246982679,2m3f Beg Chs,Downpatrick 25th Aug,2025-08-25 15:18:00+00:00,3,Speculatrix,2.8,34.56,W,62.208,376.1032
2025-08-25T16:38:31.572305+01:00,1.246981691,1m Hcap,Epsom 25th Aug,2025-08-25 15:28:00+00:00,1,Hachiman,3.05,15.05,L,-15.05,361.0532
2025-08-25T17:01:31.464663+01:00,1.246982684,2m3f Hcap Chs,Downpatrick 25th Aug,2025-08-25 15:53:00+00:00,2,Person Of Interest,5.1,22.58,W,92.57799999999999,453.6312
2025-08-25T17:08:31.096120+01:00,1.246981697,7f Hcap,Epsom 25th Aug,2025-08-25 16:03:00+00:00,1,Silver Trumpet,2.5,18.15,L,-18.15,435.4812
2025-08-25T17:20:31.209461+01:00,1.246982624,2m2f Hcap Hrd,Ballinrobe 25th Aug,2025-08-25 16:13:00+00:00,2,Mick Collins,3.15,27.23,L,-27.23,408.2512
2025-08-25T17:35:01.159102+01:00,1.246982689,2m2f Hcap Chs,Downpatrick 25th Aug,2025-08-25 16:28:00+00:00,3,Metamorpheus,5.2,40.85,L,-40.85,367.40119999999996
2025-08-25T17:51:31.478845+01:00,1.246982629,2m6f Mdn Hrd,Ballinrobe 25th Aug,2025-08-25 16:43:00+00:00,4,Nothing Hectic,2.42,67.41,W,95.72219999999999,463.12339999999995
2025-08-25T18:21:31.650044+01:00,1.246982634,2m6f Hcap Hrd,Ballinrobe 25th Aug,2025-08-25 17:13:00+00:00,1,Anysignofhim,4.3,18.53,L,-18.53,444.5934
2025-08-25T18:53:01.748943+01:00,1.246982639,2m6f Hcap Hrd,Ballinrobe 25th Aug,2025-08-25 17:43:00+00:00,2,Inchidaly Copper,4.6,27.8,L,-27.8,416.79339999999996
2025-08-25T19:21:31.216302+01:00,1.246982644,2m1f Chs,Ballinrobe 25th Aug,2025-08-25 18:13:00+00:00,3,King Of Kingsfield,1.56,99.28,W,55.59680000000001,472.3902
2025-08-25T19:53:31.543902+01:00,1.246982649,2m7f Beg Chs,Ballinrobe 25th Aug,2025-08-25 18:43:00+00:00,1,Chance Another One,2.92,18.9,W,36.288,508.6782
2025-08-25T20:23:01.571401+01:00,1.246982654,2m INHF,Ballinrobe 25th Aug,2025-08-25 19:13:00+00:00,1,Blue Waters,4.4,20.35,W,69.19000000000001,577.8682
2025-08-26T14:10:30.967207+01:00,1.247017428,1m2f Hcap,Ripon 26th Aug,2025-08-26 13:05:00+00:00,1,Triple Force,3.05,8.8,L,-8.8,211.2
2025-08-26T14:26:00.911766+01:00,1.247017351,1m Mdn Stks,Musselburgh 26th Aug,2025-08-26 13:20:00+00:00,2,Toralou,2.32,14.52,W,19.166399999999996,230.3664
2025-08-26T14:44:01.265282+01:00,1.247017442,5f Mdn Stks,Ripon 26th Aug,2025-08-26 13:35:00+00:00,1,Schrodingers Cat,2.48,9.22,L,-9.22,221.1464
2025-08-26T14:59:01.437529+01:00,1.247017374,1m Nursery,Musselburgh 26th Aug,2025-08-26 13:50:00+00:00,2,Midnight Rodeo,2.86,15.22,L,-15.22,205.9264
2025-08-26T15:11:00.932549+01:00,1.247017435,5f Nursery,Ripon 26th Aug,2025-08-26 14:05:00+00:00,3,Hanney Girl,3.45,22.83,W,55.9335,261.8599
2025-08-26T16:00:31.850921+01:00,1.247017409,1m Hcap,Musselburgh 26th Aug,2025-08-26 14:50:00+00:00,1,Overlooked,5.3,10.48,L,-10.48,251.3799
2025-08-26T16:14:32.781398+01:00,1.247017462,1m Hcap,Ripon 26th Aug,2025-08-26 15:05:00+00:00,2,Thats My Boy Luke,4.7,15.72,W,58.16400000000001,309.5439
2025-08-26T16:27:01.119489+01:00,1.247017416,7f Hcap,Musselburgh 26th Aug,2025-08-26 15:20:00+00:00,1,Tuscan Point,3.6,12.39,L,-12.39,297.1539
2025-08-26T16:43:31.197583+01:00,1.247017468,2m Hcap,Ripon 26th Aug,2025-08-26 15:35:00+00:00,2,Sea Master,4.0,18.59,L,-18.59,278.56390000000005
2025-08-26T16:58:31.194937+01:00,1.247017422,1m4f Hcap,Musselburgh 26th Aug,2025-08-26 15:50:00+00:00,3,Sophiesticate,1.99,37.56,W,37.184400000000004,315.74830000000003
2025-08-26T17:17:31.002290+01:00,1.247017495,7f Mdn Stks,Lingfield 26th Aug,2025-08-26 16:10:00+00:00,1,Galileo Charm,2.12,12.63,L,-12.63,303.11830000000003
2025-08-26T17:32:01.221552+01:00,1.247026971,1m Hcap,Bellewstown 26th Aug,2025-08-26 16:25:00+00:00,2,Navorrosse,7.6,18.95,L,-18.95,284.16830000000004
2025-08-26T17:50:01.468857+01:00,1.247017502,1m4f Stks,Lingfield 26th Aug,2025-08-26 16:40:00+00:00,3,Kilima,3.35,28.43,L,-28.43,255.73830000000004
2025-08-26T18:00:30.768584+01:00,1.247026976,1m Hcap,Bellewstown 26th Aug,2025-08-26 16:55:00+00:00,4,Empress Artemis,3.6,42.65,W,110.89,366.6283
2025-08-26T18:21:31.993873+01:00,1.247017509,1m Hcap,Lingfield 26th Aug,2025-08-26 17:10:00+00:00,1,Harryella,2.9,14.67,W,27.872999999999998,394.5013
2025-08-26T18:30:00.748163+01:00,1.247026981,5f Mdn,Bellewstown 26th Aug,2025-08-26 17:25:00+00:00,1,Plushy,3.4,15.79,L,-15.79,378.7113
2025-08-26T18:48:31.186958+01:00,1.247017521,1m Hcap,Lingfield 26th Aug,2025-08-26 17:40:00+00:00,2,Bretton Wood,3.4,23.69,L,-23.69,355.0213
2025-08-26T19:17:31.308712+01:00,1.247017528,7f Hcap,Lingfield 26th Aug,2025-08-26 18:10:00+00:00,3,Saytarr,1.97,48.85,W,47.3845,402.4058
2025-08-26T19:31:31.076753+01:00,1.247026991,1m4f Mdn,Bellewstown 26th Aug,2025-08-26 18:25:00+00:00,1,Gifted,2.26,16.1,L,-16.1,386.3058
2025-08-26T20:03:31.339817+01:00,1.247026996,2m1f Hcap,Bellewstown 26th Aug,2025-08-26 18:55:00+00:00,2,Light Up The Dark,3.05,24.15,L,-24.15,362.1558
2025-08-27T14:22:31.588027+01:00,1.247074404,5f Mdn Stks,Catterick 27th Aug,2025-08-27 13:15:00+00:00,1,The Lost Sock,1.58,8.8,W,5.104000000000001,225.104
2025-08-27T14:38:01.450917+01:00,1.247074534,7f Mdn Stks,Musselburgh 27th Aug,2025-08-27 13:30:00+00:00,1,Supreme Clarets,2.8,9.01,L,-9.01,216.09400000000002
2025-08-27T14:53:01.240979+01:00,1.247074410,6f Mdn Stks,Catterick 27th Aug,2025-08-27 13:45:00+00:00,2,Rogue Attraction,1.68,15.9,W,10.812,226.90600000000003
2025-08-27T15:04:30.961193+01:00,1.247074540,5f Nursery,Musselburgh 27th Aug,2025-08-27 14:00:00+00:00,1,Havin A Flyer,3.0,9.08,L,-9.08,217.82600000000002
2025-08-27T15:37:31.309753+01:00,1.247074547,1m1f Hcap,Musselburgh 27th Aug,2025-08-27 14:30:00+00:00,2,Amidst The Chaos,4.0,13.62,W,40.86,258.68600000000004
2025-08-27T15:52:31.418496+01:00,1.247074511,1m6f Hcap,Catterick 27th Aug,2025-08-27 14:45:00+00:00,1,Highfield Comrade,3.7,10.35,L,-10.35,248.33600000000004
2025-08-27T16:11:02.135304+01:00,1.247074644,2m2f Hcap,Musselburgh 27th Aug,2025-08-27 15:00:00+00:00,2,Bashful Boy,4.2,15.53,L,-15.53,232.80600000000004
2025-08-27T16:42:01.496184+01:00,1.247074651,7f Hcap,Musselburgh 27th Aug,2025-08-27 15:35:00+00:00,3,Highland Olly,3.85,23.3,W,66.405,299.211
2025-08-27T16:54:31.289908+01:00,1.247074527,7f Stks,Catterick 27th Aug,2025-08-27 15:45:00+00:00,1,Brazen Rascal,5.0,11.97,L,-11.97,287.241
2025-08-27T17:24:01.370728+01:00,1.247074670,2m4f Nov Hrd,Hexham 27th Aug,2025-08-27 16:15:00+00:00,2,Mohawk Chief,2.08,13.3,W,14.364000000000003,301.60499999999996
2025-08-27T17:45:01.661707+01:00,1.247074706,1m Nov Stks,Kempton 27th Aug,2025-08-27 16:37:00+00:00,1,Gavriel,2.78,12.07,W,21.484599999999997,323.08959999999996
2025-08-27T18:04:01.603059+01:00,1.247075304,2m4f Hcap Hrd,Bellewstown 27th Aug,2025-08-27 16:55:00+00:00,1,Sydney Cruiser,5.5,12.93,L,-12.93,310.15959999999995
2025-08-27T18:14:00.934856+01:00,1.247074731,7f Nov Stks,Kempton 27th Aug,2025-08-27 17:07:00+00:00,2,Grizedale,1.34,45.64,L,-45.64,264.51959999999997
2025-08-27T18:34:01.714396+01:00,1.247075309,2m4f Hcap Hrd,Bellewstown 27th Aug,2025-08-27 17:25:00+00:00,3,Birmingham Alabama,6.6,68.46,W,383.3759999999999,647.8955999999998
2025-08-27T18:43:31.275236+01:00,1.247074741,7f Nov Stks,Kempton 27th Aug,2025-08-27 17:37:00+00:00,1,Sarab Star,1.66,25.92,W,17.1072,665.0027999999999
2025-08-27T19:03:33.065558+01:00,1.247074685,3m Hcap Chs,Hexham 27th Aug,2025-08-27 17:45:00+00:00,1,Killybegs Jet Lady,3.55,26.61,L,-26.61,638.3927999999999
2025-08-27T19:14:01.156674+01:00,1.247074747,7f Hcap,Kempton 27th Aug,2025-08-27 18:07:00+00:00,2,Radiant Beauty,3.65,39.92,W,105.788,744.1807999999999
2025-08-27T19:33:31.494830+01:00,1.247075319,2m1f Hcap Hrd,Bellewstown 27th Aug,2025-08-27 18:25:00+00:00,1,W B Easy,5.4,29.77,L,-29.77,714.4107999999999
2025-08-27T19:43:30.875974+01:00,1.247074752,1m3f Hcap,Kempton 27th Aug,2025-08-27 18:37:00+00:00,2,Bulletin,3.15,44.66,W,96.01899999999999,810.4297999999999
2025-08-27T20:02:02.451731+01:00,1.247074692,2m Stks,Hexham 27th Aug,2025-08-27 18:45:00+00:00,1,Nelrose,3.2,32.42,L,-32.42,778.0097999999999
2025-08-27T20:58:33.724125+01:00,1.247074766,1m4f Hcap,Kempton 27th Aug,2025-08-27 19:37:00+00:00,2,Karthon,2.84,53.5,L,-53.5,724.5097999999999
2025-08-28T14:18:31.594781+01:00,1.247118426,6f Mdn Stks,Ffos Las 28th Aug,2025-08-28 13:10:00+00:00,1,Gouken,2.62,8.8,L,-8.8,211.2
2025-08-28T14:25:31.040018+01:00,1.247118514,6f Nursery,Chelmsford City 28th Aug,2025-08-28 13:20:00+00:00,2,Demetrius,2.8,14.52,W,26.135999999999996,237.33599999999998
2025-08-28T14:34:00.879121+01:00,1.247119321,6f Nursery,Navan 28th Aug,2025-08-28 13:30:00+00:00,1,Nakamura,5.6,9.5,W,43.699999999999996,281.036
2025-08-28T14:45:30.765764+01:00,1.247118431,6f Nursery,Ffos Las 28th Aug,2025-08-28 13:40:00+00:00,1,French Affair,2.1,11.25,L,-11.25,269.786
2025-08-28T14:56:01.224777+01:00,1.247118521,7f Nov Stks,Chelmsford City 28th Aug,2025-08-28 13:50:00+00:00,2,Archer Royal,3.25,16.88,W,37.98,307.766
2025-08-28T15:16:00.899413+01:00,1.247118445,6f Stks,Ffos Las 28th Aug,2025-08-28 14:10:00+00:00,1,Diamondsinthesand,2.04,12.32,W,12.812800000000001,320.5788
2025-08-28T15:26:31.221060+01:00,1.247118527,7f Hcap,Chelmsford City 28th Aug,2025-08-28 14:20:00+00:00,1,Dollyana,2.96,12.83,L,-12.83,307.7488
2025-08-28T15:37:01.168401+01:00,1.247119331,5f Mdn,Navan 28th Aug,2025-08-28 14:30:00+00:00,2,Namiid,2.2,12.83,L,-12.83,294.91880000000003
2025-08-28T15:48:31.359631+01:00,1.247118438,1m4f Nov Stks,Ffos Las 28th Aug,2025-08-28 14:40:00+00:00,3,Klassleader,1.28,109.98,W,30.794400000000003,325.71320000000003
2025-08-28T16:06:31.279343+01:00,1.247119336,1m Mdn,Navan 28th Aug,2025-08-28 15:00:00+00:00,1,Strikewhileitshot,4.1,13.03,L,-13.03,312.68320000000006
2025-08-28T16:18:01.574706+01:00,1.247118452,1m2f Hcap,Ffos Las 28th Aug,2025-08-28 15:10:00+00:00,2,Echo Of Glory,3.4,19.55,L,-19.55,293.13320000000004
2025-08-28T16:27:31.411216+01:00,1.247118541,1m Mdn Stks,Chelmsford City 28th Aug,2025-08-28 15:20:00+00:00,3,Estmrar,1.97,40.31,W,39.1007,332.23390000000006
2025-08-28T16:37:31.274275+01:00,1.247119341,1m Hcap,Navan 28th Aug,2025-08-28 15:30:00+00:00,1,Noli Timere,3.7,13.29,W,35.883,368.11690000000004
2025-08-28T16:51:31.844708+01:00,1.247118459,2m Hcap,Ffos Las 28th Aug,2025-08-28 15:40:00+00:00,1,Jedhi Knight,3.75,14.73,L,-14.73,353.3869
2025-08-28T17:02:31.242159+01:00,1.247118548,1m2f Stks,Chelmsford City 28th Aug,2025-08-28 15:55:00+00:00,2,Zafaan,4.2,22.1,L,-22.1,331.2869
2025-08-28T17:12:31.418661+01:00,1.247119346,1m6f Hcap,Navan 28th Aug,2025-08-28 16:05:00+00:00,3,Enziya,5.6,33.15,W,152.48999999999998,483.77689999999996
2025-08-28T17:27:31.469917+01:00,1.247118481,6f Mdn Stks,Newbury 28th Aug,2025-08-28 16:20:00+00:00,1,Tarot,3.45,19.36,L,-19.36,464.41689999999994
2025-08-28T17:47:02.550372+01:00,1.247119351,1m6f Hcap,Navan 28th Aug,2025-08-28 16:35:00+00:00,2,Arcland,4.1,29.04,L,-29.04,435.3768999999999
2025-08-28T18:02:01.008792+01:00,1.247118487,6f Mdn Stks,Newbury 28th Aug,2025-08-28 16:55:00+00:00,3,Imperial Ballet,4.9,43.56,W,169.88400000000001,605.2609
2025-08-28T18:21:31.118565+01:00,1.247120385,7f Hcap,Southwell 28th Aug,2025-08-28 17:15:00+00:00,1,Kosometsuke,4.2,24.22,L,-24.22,581.0409
2025-08-28T18:34:01.688352+01:00,1.247118493,1m Hcap,Newbury 28th Aug,2025-08-28 17:25:00+00:00,2,War Howl,5.8,36.33,L,-36.33,544.7108999999999
2025-08-28T19:07:01.310206+01:00,1.247118500,7f Hcap,Newbury 28th Aug,2025-08-28 18:00:00+00:00,3,Golden Redemption,3.35,54.5,L,-54.5,490.2108999999999
2025-08-28T19:23:31.938068+01:00,1.247120399,2m Hcap,Southwell 28th Aug,2025-08-28 18:15:00+00:00,4,Artisan Dancer,3.5,81.75,L,-81.75,408.4608999999999
2025-08-28T19:42:02.234045+01:00,1.247118507,1m2f Hcap,Newbury 28th Aug,2025-08-28 18:30:00+00:00,5,Sir William,4.4,122.63,L,-122.63,285.83089999999993
2025-08-28T19:56:01.679521+01:00,1.247120405,1m Hcap,Southwell 28th Aug,2025-08-28 18:45:00+00:00,6,Indalo,5.4,285.83089999999993,W,1257.6559599999998,1543.4868599999998
2025-08-28T20:23:31.601813+01:00,1.247120412,1m3f Hcap,Southwell 28th Aug,2025-08-28 19:15:00+00:00,1,Charmaine,5.9,61.74,L,-61.74,1481.7468599999997
2025-08-29T14:01:30.938818+01:00,1.247159148,7f Hcap,Ffos Las 29th Aug,2025-08-29 12:55:00+00:00,1,Cypriot Diaspora,1.99,8.8,W,8.712,228.712
2025-08-29T14:12:31.197655+01:00,1.247159407,1m Hcap,Thirsk 29th Aug,2025-08-29 13:05:00+00:00,1,Jewel Maker,4.6,9.15,L,-9.15,219.56199999999998
2025-08-29T14:21:00.833164+01:00,1.247159226,5f Nursery,Sandown 29th Aug,2025-08-29 13:15:00+00:00,2,Novelette,3.5,13.73,L,-13.73,205.832
2025-08-29T14:37:01.557337+01:00,1.247159161,1m Mdn Stks,Ffos Las 29th Aug,2025-08-29 13:25:00+00:00,3,Participle,1.5,54.92,L,-54.92,150.91199999999998
2025-08-29T15:01:30.990769+01:00,1.247159168,1m Stks,Ffos Las 29th Aug,2025-08-29 13:55:00+00:00,4,Bobby Dassler,2.04,89.77,L,-89.77,61.14199999999998
2025-08-29T15:14:31.685153+01:00,1.247159554,1m Nov Stks,Thirsk 29th Aug,2025-08-29 14:05:00+00:00,5,Be The Standard,3.2,134.66,W,296.252,357.394
2025-08-29T15:35:31.389324+01:00,1.247159180,1m2f Hcap,Ffos Las 29th Aug,2025-08-29 14:27:00+00:00,1,Penn Avenue,2.82,14.3,L,-14.3,343.094
2025-08-30T13:36:31.322202+01:00,1.247188736,1m2f Hcap,Beverley 30th Aug,2025-08-30 12:30:00+00:00,1,Time Tells All,4.1,8.8,L,-8.8,211.2
2025-08-30T13:52:31.352844+01:00,1.247191344,1m Mdn,Curragh 30th Aug,2025-08-30 12:45:00+00:00,2,Hawk Mountain,1.88,12.0,W,10.559999999999999,221.76
2025-08-30T14:11:30.961931+01:00,1.247188743,5f Listed,Beverley 30th Aug,2025-08-30 13:05:00+00:00,1,Regional,3.1,8.88,L,-8.88,212.88
2025-08-30T14:23:31.550103+01:00,1.247188699,2m1f Mdn Hrd,Newton Abbot 30th Aug,2025-08-30 13:15:00+00:00,2,Manyana Blue,2.48,14.66,W,21.6968,234.5768
2025-08-30T14:32:31.355521+01:00,1.247188824,1m Grp 3,Sandown 30th Aug,2025-08-30 13:25:00+00:00,1,Bright Thunder,4.8,9.39,L,-9.39,225.1868
2025-08-30T14:41:01.390947+01:00,1.247188749,7f Nov Stks,Beverley 30th Aug,2025-08-30 13:35:00+00:00,2,Secret Echo,1.84,13.42,W,11.2728,236.4596
2025-08-30T14:53:31.226190+01:00,1.247188705,2m1f Nov Hrd,Newton Abbot 30th Aug,2025-08-30 13:45:00+00:00,1,Howth,1.3,9.46,W,2.8380000000000005,239.2976
2025-08-30T15:13:01.771158+01:00,1.247188831,1m2f Hcap,Sandown 30th Aug,2025-08-30 14:00:00+00:00,1,Saddadd,4.5,9.58,W,33.53,272.82759999999996
2025-08-30T15:22:31.331619+01:00,1.247188875,7f Hcap,Chester 30th Aug,2025-08-30 14:15:00+00:00,1,Sir Paul Ramsey,4.2,10.92,L,-10.92,261.90759999999995
2025-08-30T15:33:31.152410+01:00,1.247191359,1m1f Grp 3,Curragh 30th Aug,2025-08-30 14:27:00+00:00,2,Red Letter,2.26,18.02,W,22.705199999999994,284.61279999999994
2025-08-30T15:58:03.346589+01:00,1.247188837,7f Grp 3,Sandown 30th Aug,2025-08-30 14:35:00+00:00,1,Pacific Avenue,3.15,11.39,L,-11.39,273.22279999999995
2025-08-31T14:19:31.711213+01:00,1.247213802,2m4f Hcap Chs,Worcester 31st Aug,2025-08-31 13:10:00+00:00,1,Lets Sail Away,4.8,8.8,L,-8.8,211.2
2025-08-31T14:48:31.348677+01:00,1.247213809,2m7f Hcap Chs,Worcester 31st Aug,2025-08-31 13:40:00+00:00,2,Ivane,3.9,13.2,L,-13.2,198.0
2025-08-31T15:18:01.390304+01:00,1.247213816,2m NHF,Worcester 31st Aug,2025-08-31 14:10:00+00:00,3,Siouxfonic,2.0,26.4,L,-26.4,171.6
2025-08-31T15:48:01.750744+01:00,1.247213823,2m Mdn Hrd,Worcester 31st Aug,2025-08-31 14:40:00+00:00,4,Dream Diamond,1.39,148.93,W,58.08269999999999,229.68269999999998
2025-09-01T16:19:00.951537+01:00,1.247237991,7f Stks,Roscommon 1st Sep,2025-09-01 15:12:00+00:00,1,Summer Is Tomorrow,3.05,8.8,W,18.04,238.04
2025-09-01T16:38:31.291564+01:00,1.247234989,6f Nursery,Windsor 1st Sep,2025-09-01 15:30:00+00:00,1,Flying Comet,2.14,9.53,W,10.8642,248.9042
2025-09-01T16:50:00.695959+01:00,1.247237996,7f Hcap,Roscommon 1st Sep,2025-09-01 15:45:00+00:00,1,Purring Along,6.4,9.96,L,-9.96,238.9442
2025-09-01T17:06:30.947692+01:00,1.247234996,6f Nov Stks,Windsor 1st Sep,2025-09-01 16:00:00+00:00,2,Lodge,1.94,12.72,L,-12.72,226.2242
2025-09-01T17:23:31.077047+01:00,1.247238001,7f Hcap,Roscommon 1st Sep,2025-09-01 16:15:00+00:00,3,Rowdy Yeats,5.4,19.08,L,-19.08,207.1442
2025-09-01T17:37:01.039934+01:00,1.247235003,1m Nov Stks,Windsor 1st Sep,2025-09-01 16:30:00+00:00,4,Lavender Gold,3.5,28.62,L,-28.62,178.5242
2025-09-01T18:09:02.739891+01:00,1.247238006,1m2f Stks,Roscommon 1st Sep,2025-09-01 16:45:00+00:00,5,In My Teens,2.48,47.23,L,-47.23,131.29420000000002
2025-09-01T18:23:31.051301+01:00,1.247238011,1m4f Mdn,Roscommon 1st Sep,2025-09-01 17:15:00+00:00,6,Indian River,3.65,131.29420000000002,L,-131.29420000000002,0.0
2025-09-02T13:41:00.855437+01:00,1.247279563,7f Mdn,Gowran Park 2nd Sep,2025-09-02 12:35:00+00:00,1,Minerva,1.84,8.8,L,-8.8,211.2
2025-09-02T14:03:31.835023+01:00,1.247278433,1m Mdn Stks,Goodwood 2nd Sep,2025-09-02 12:48:00+00:00,2,I Can Dance,2.18,8.95,L,-8.95,202.25
2025-09-02T14:17:00.884427+01:00,1.247279568,7f Mdn,Gowran Park 2nd Sep,2025-09-02 13:10:00+00:00,3,Charles Fort,3.25,13.43,L,-13.43,188.82
2025-09-02T14:32:01.158727+01:00,1.247278476,6f Nursery,Goodwood 2nd Sep,2025-09-02 13:23:00+00:00,4,Anaisa,2.42,22.16,L,-22.16,166.66
2025-09-02T14:57:01.444091+01:00,1.247279573,7f Mdn,Gowran Park 2nd Sep,2025-09-02 13:45:00+00:00,5,Diego El Queso,2.98,36.57,L,-36.57,130.09
2025-09-02T15:29:32.279511+01:00,1.247279578,7f Hcap,Gowran Park 2nd Sep,2025-09-02 14:20:00+00:00,6,Washington Street,3.5,130.09,L,-130.09,0.0
2025-09-03T13:44:01.410700+01:00,1.247326433,1m4f Hcap,Lingfield 3rd Sep,2025-09-03 12:35:00+00:00,1,Letsbeatsepsis,4.5,8.8,L,-8.8,211.2
2025-09-03T14:15:01.296354+01:00,1.247326439,1m5f Hcap,Lingfield 3rd Sep,2025-09-03 13:05:00+00:00,2,Surrey Fire,3.25,13.2,W,29.7,240.89999999999998
2025-09-03T14:26:30.834621+01:00,1.247326493,1m6f Hcap,Bath 3rd Sep,2025-09-03 13:20:00+00:00,1,Tara Iti,3.2,9.64,L,-9.64,231.26
2025-09-03T14:44:31.713524+01:00,1.247326446,1m2f Hcap,Lingfield 3rd Sep,2025-09-03 13:35:00+00:00,2,Time Tested,4.5,14.46,L,-14.46,216.79999999999998
2025-09-03T15:00:01.217254+01:00,1.247326500,6f Mdn Stks,Bath 3rd Sep,2025-09-03 13:50:00+00:00,3,Son Of Sarabi,3.3,21.69,L,-21.69,195.10999999999999
2025-09-03T15:14:31.424629+01:00,1.247326453,7f Mdn Stks,Lingfield 3rd Sep,2025-09-03 14:05:00+00:00,4,Whats The Plan,3.35,32.54,W,76.469,271.57899999999995
2025-09-03T15:43:01.504307+01:00,1.247326460,7f Mdn Stks,Lingfield 3rd Sep,2025-09-03 14:35:00+00:00,1,Loblolly,1.54,10.87,W,5.8698,277.44879999999995
2025-09-03T16:10:31.103877+01:00,1.247326466,7f Nursery,Lingfield 3rd Sep,2025-09-03 15:05:00+00:00,1,Angels Share,1.33,11.1,W,3.6630000000000007,281.11179999999996
2025-09-03T16:17:30.678316+01:00,1.247326539,5f Mdn Stks,Hamilton 3rd Sep,2025-09-03 15:13:00+00:00,1,Boston Dan,1.11,11.25,W,1.2375000000000012,282.34929999999997
2025-09-03T16:29:01.266550+01:00,1.247326520,1m3f Hcap,Bath 3rd Sep,2025-09-03 15:20:00+00:00,1,Simply Ruby,3.65,11.3,L,-11.3,271.04929999999996
2025-09-03T16:41:30.917141+01:00,1.247326473,6f Mdn Stks,Lingfield 3rd Sep,2025-09-03 15:35:00+00:00,2,Portacloy,3.1,16.95,W,35.595,306.64429999999993
2025-09-03T16:57:00.895749+01:00,1.247326527,1m3f Hcap,Bath 3rd Sep,2025-09-03 15:50:00+00:00,1,Gregorians Star,4.3,12.27,L,-12.27,294.37429999999995
2025-09-03T17:23:02.319831+01:00,1.247326480,1m Hcap,Lingfield 3rd Sep,2025-09-03 16:05:00+00:00,2,Due West,1.58,25.39,L,-25.39,268.98429999999996
2025-09-03T17:31:00.839588+01:00,1.247326533,1m Hcap,Bath 3rd Sep,2025-09-03 16:25:00+00:00,3,Ajrad,6.8,38.09,W,220.92200000000003,489.9063
2025-09-03T17:57:01.672108+01:00,1.247326558,1m5f Hcap,Hamilton 3rd Sep,2025-09-03 16:45:00+00:00,1,Bollin Neil,6.8,19.6,L,-19.6,470.30629999999996
2025-09-03T18:06:01.078271+01:00,1.247326390,7f Nov Stks,Kempton 3rd Sep,2025-09-03 17:00:00+00:00,2,Ultrasoul,1.25,94.08,W,23.52,493.82629999999995
2025-09-03T18:21:30.979181+01:00,1.247326565,6f Nursery,Hamilton 3rd Sep,2025-09-03 17:15:00+00:00,1,Better And Better,3.65,19.76,L,-19.76,474.06629999999996
2025-09-03T18:37:31.299248+01:00,1.247326393,7f Hcap,Kempton 3rd Sep,2025-09-03 17:30:00+00:00,2,Zolder,2.4,32.61,L,-32.61,441.45629999999994
2025-09-03T19:06:30.925097+01:00,1.247326400,7f Mdn Stks,Kempton 3rd Sep,2025-09-03 18:00:00+00:00,3,King Of Thunder,2.86,53.81,L,-53.81,387.64629999999994
2025-09-03T19:25:01.523531+01:00,1.247326578,1m Hcap,Hamilton 3rd Sep,2025-09-03 18:15:00+00:00,4,Temper Trap,2.56,88.79,L,-88.79,298.8562999999999
2025-09-03T19:34:30.814072+01:00,1.247326407,6f Nov Stks,Kempton 3rd Sep,2025-09-03 18:30:00+00:00,5,Mr Seagull,4.1,133.19,L,-133.19,165.66629999999992
2025-09-03T19:54:01.098889+01:00,1.247326585,1m3f Hcap,Hamilton 3rd Sep,2025-09-03 18:45:00+00:00,6,Royal Blaze,2.84,165.66629999999992,L,-165.66629999999992,0.0
2025-09-04T13:58:31.302353+01:00,1.247354874,1m3f Hcap,Southwell 4th Sep,2025-09-04 12:50:00+00:00,1,Night Tara,1.9,8.8,L,-8.8,211.2
2025-09-04T14:18:32.087367+01:00,1.247354545,1m3f Hcap,Haydock 4th Sep,2025-09-04 13:00:00+00:00,2,Spartan Times,3.35,13.2,L,-13.2,198.0
2025-09-04T14:28:01.016007+01:00,1.247354881,6f Mdn Stks,Southwell 4th Sep,2025-09-04 13:20:00+00:00,3,Inside Story,1.82,32.2,W,26.404000000000003,224.404
2025-09-04T14:49:32.413624+01:00,1.247354552,1m Nov Stks,Haydock 4th Sep,2025-09-04 13:30:00+00:00,1,Faeberon,2.68,8.98,L,-8.98,215.424
2025-09-04T15:13:01.774558+01:00,1.247354559,7f Mdn Stks,Haydock 4th Sep,2025-09-04 14:00:00+00:00,2,Gaspacho,2.42,14.82,L,-14.82,200.604
2025-09-04T15:46:31.939210+01:00,1.247354656,7f Nursery,Haydock 4th Sep,2025-09-04 14:30:00+00:00,3,Blue To Blue,2.24,23.04,W,28.569600000000005,229.17360000000002
2025-09-04T16:01:00.787761+01:00,1.247354901,7f Mdn Stks,Southwell 4th Sep,2025-09-04 14:55:00+00:00,1,Sapphire Princess,2.92,9.17,L,-9.17,220.00360000000003
2025-09-04T16:26:32.076520+01:00,1.247354739,2m Hcap,Lingfield 4th Sep,2025-09-04 15:10:00+00:00,2,Double Meaning,1.4,27.51,W,11.003999999999998,231.00760000000002
2025-09-05T13:41:31.145252+01:00,1.247399641,1m6f Hcap,Haydock 5th Sep,2025-09-05 12:32:00+00:00,1,Mission Possible,3.0,8.8,L,-8.8,211.2
2025-09-05T13:50:00.730167+01:00,1.247398615,1m Hcap,Ascot 5th Sep,2025-09-05 12:45:00+00:00,2,Terries Royale,4.1,13.2,L,-13.2,198.0
2025-09-05T14:03:31.050218+01:00,1.247398441,2m3f Nov Hrd,Bangor-on-Dee 5th Sep,2025-09-05 12:55:00+00:00,3,Intosomethinggood,1.71,37.19,W,26.404899999999998,224.4049
2025-09-05T14:15:31.107596+01:00,1.247399648,1m Nov Stks,Haydock 5th Sep,2025-09-05 13:07:00+00:00,1,Legacy Link,1.82,8.98,W,7.363600000000001,231.7685
2025-09-05T14:26:30.755298+01:00,1.247398621,7f Mdn Stks,Ascot 5th Sep,2025-09-05 13:20:00+00:00,1,Raaheeb,2.48,9.28,W,13.734399999999999,245.50289999999998
2025-09-05T14:40:01.300253+01:00,1.247398448,2m3f Hcap Hrd,Bangor-on-Dee 5th Sep,2025-09-05 13:30:00+00:00,1,Independent Jimmy,5.0,9.83,W,39.32,284.8229
2025-09-05T14:48:30.996388+01:00,1.247399655,5f Hcap Stks,Haydock 5th Sep,2025-09-05 13:42:00+00:00,1,Changeofmind,6.2,11.4,L,-11.4,273.4229
2025-09-05T15:04:31.095260+01:00,1.247398628,1m Mdn Stks,Ascot 5th Sep,2025-09-05 13:55:00+00:00,2,Maneuver,2.08,12.67,L,-12.67,260.7529
2025-09-05T15:24:01.285760+01:00,1.247399662,5f Hcap Stks,Haydock 5th Sep,2025-09-05 14:15:00+00:00,3,Pixie Diva,5.6,19.01,L,-19.01,241.74290000000002
2025-09-05T15:35:30.887097+01:00,1.247398633,6f Nov Stks,Ascot 5th Sep,2025-09-05 14:30:00+00:00,4,Watcha Snoop,2.46,31.37,W,45.800200000000004,287.54310000000004
2025-09-05T15:55:01.709323+01:00,1.247398459,3m Hcap Chs,Bangor-on-Dee 5th Sep,2025-09-05 14:40:00+00:00,1,Art Of Diplomacy,3.25,11.51,W,25.8975,313.4406
2025-09-05T16:05:31.125397+01:00,1.247405953,2m Mdn Hrd,Kilbeggan 5th Sep,2025-09-05 14:57:00+00:00,1,Nelson Muntz,1.63,12.54,W,7.900199999999998,321.3408
2025-09-06T13:22:00.887450+01:00,1.247424280,1m Grp 3,Haydock 6th Sep,2025-09-06 12:15:00+00:00,1,Zeus Olympios,4.0,8.8,W,26.400000000000002,246.4
2025-09-06T13:49:01.479839+01:00,1.247423959,1m4f Grp 3,Kempton 6th Sep,2025-09-06 12:35:00+00:00,1,Kalpana,1.6,9.86,L,-9.86,236.54000000000002
2025-09-06T14:18:01.325769+01:00,1.247423985,1m Hcap,Kempton 6th Sep,2025-09-06 13:05:00+00:00,2,Sky Safari,3.95,14.79,W,43.6305,280.1705
2025-09-06T14:25:00.654441+01:00,1.247424139,1m Nursery,Thirsk 6th Sep,2025-09-06 13:20:00+00:00,1,Real Man,2.18,11.21,L,-11.21,268.9605
2025-09-06T14:42:00.917914+01:00,1.247423999,7f Nursery,Kempton 6th Sep,2025-09-06 13:35:00+00:00,2,Mayaada,2.44,18.5,L,-18.5,250.46050000000002
2025-09-06T14:55:30.770589+01:00,1.247424145,5f Nursery,Thirsk 6th Sep,2025-09-06 13:50:00+00:00,3,Dandy Style,3.65,27.75,L,-27.75,222.71050000000002
2025-09-06T15:11:31.377106+01:00,1.247424300,1m6f Hcap,Haydock 6th Sep,2025-09-06 14:00:00+00:00,4,Dancing In Paris,5.4,41.63,L,-41.63,181.08050000000003
2025-09-06T15:24:31.125485+01:00,1.247424106,1m4f Hcap,Ascot 6th Sep,2025-09-06 14:15:00+00:00,5,Push The Limit,2.5,68.69,L,-68.69,112.39050000000003
2025-09-06T15:47:31.338116+01:00,1.247424309,6f Grp 1,Haydock 6th Sep,2025-09-06 14:35:00+00:00,6,Lazzat,2.06,112.39050000000003,L,-112.39050000000003,0.0
2025-09-07T14:26:31.756710+01:00,1.247449202,2m6f Hcap Hrd,Fontwell 7th Sep,2025-09-07 13:12:00+00:00,1,Shantou Lucky,2.04,8.8,W,9.152000000000001,229.152
2025-09-07T14:36:30.890182+01:00,1.247449153,7f Mdn Stks,York 7th Sep,2025-09-07 13:30:00+00:00,1,Crown Office,3.1,9.17,L,-9.17,219.982
2025-09-07T15:29:04.627579+01:00,1.247449209,2m3f Mdn Hrd,Fontwell 7th Sep,2025-09-07 13:42:00+00:00,2,Kings Reign,2.7,15.14,W,25.738000000000003,245.72
2025-09-07T16:35:35.005082+01:00,1.247449220,2m3f Hcap Hrd,Fontwell 7th Sep,2025-09-07 14:42:00+00:00,1,Goodwin,2.24,9.83,W,12.189200000000001,257.9092
2025-09-08T13:27:00.694790+01:00,1.247480130,7f Mdn Stks,Lingfield 8th Sep,2025-09-08 12:22:00+00:00,1,Ribenska,1.08,8.8,W,0.7040000000000007,220.704
2025-09-08T13:59:00.963477+01:00,1.247480176,1m2f Nov Stks,Lingfield 8th Sep,2025-09-08 12:52:00+00:00,1,Shumus,2.58,8.83,L,-8.83,211.874
2025-09-08T14:17:31.168630+01:00,1.247480086,2m Nov Hrd,Perth 8th Sep,2025-09-08 13:10:00+00:00,2,Chortal,1.41,25.85,W,10.598499999999998,222.4725
2025-09-08T14:29:01.169146+01:00,1.247480222,1m4f Hcap,Lingfield 8th Sep,2025-09-08 13:22:00+00:00,1,Saliko,1.93,8.9,L,-8.9,213.5725
2025-09-08T14:40:01.150425+01:00,1.247480420,6f Nov Stks,Windsor 8th Sep,2025-09-08 13:32:00+00:00,2,Hilitany,1.92,11.61,W,10.681199999999999,224.25369999999998
2025-09-08T15:12:01.229703+01:00,1.247480427,1m3f Hcap,Windsor 8th Sep,2025-09-08 14:02:00+00:00,1,Just Adair,3.25,8.98,W,20.205000000000002,244.4587
2025-09-08T15:36:31.870970+01:00,1.247480229,1m Hcap,Lingfield 8th Sep,2025-09-08 14:22:00+00:00,1,Harryella,2.24,9.78,W,12.127200000000002,256.5859
2025-09-08T15:50:31.615705+01:00,1.247480104,3m Hcap Chs,Perth 8th Sep,2025-09-08 14:40:00+00:00,1,Jumping Susie,4.3,10.27,L,-10.27,246.31589999999997
2025-09-08T16:06:00.979706+01:00,1.247480243,7f Hcap,Lingfield 8th Sep,2025-09-08 14:58:00+00:00,2,Zaltalla,5.0,15.41,L,-15.41,230.90589999999997
2025-09-08T16:18:31.190655+01:00,1.247480111,2m4f Hcap Hrd,Perth 8th Sep,2025-09-08 15:10:00+00:00,3,Top Flight Century,4.7,23.12,L,-23.12,207.78589999999997
2025-09-08T16:28:01.218880+01:00,1.247481856,2m1f Hcap Hrd,Galway 8th Sep,2025-09-08 15:20:00+00:00,4,Kotkito Bello,6.6,34.68,L,-34.68,173.10589999999996
2025-09-08T16:48:01.775371+01:00,1.247480540,1m Hcap,Windsor 8th Sep,2025-09-08 15:34:00+00:00,5,Dalmally,4.8,52.02,L,-52.02,121.08589999999995
2025-09-08T16:58:31.081223+01:00,1.247481861,2m5f Hrd,Galway 8th Sep,2025-09-08 15:50:00+00:00,6,Run For Oscar,3.55,121.08589999999995,L,-121.08589999999995,0.0
2025-09-09T14:07:31.636650+01:00,1.247522299,2m1f Juv Hrd,Newton Abbot 9th Sep,2025-09-09 12:58:00+00:00,1,Lord,1.66,8.8,W,5.808,225.808
2025-09-09T14:19:31.413223+01:00,1.247522522,1m6f Hcap,Catterick 9th Sep,2025-09-09 13:10:00+00:00,1,Bollin Neil,2.8,9.04,L,-9.04,216.768
2025-09-09T14:39:01.491929+01:00,1.247522306,2m1f Nov Hrd,Newton Abbot 9th Sep,2025-09-09 13:28:00+00:00,2,Jack Hyde,1.16,67.8,W,10.847999999999994,227.61599999999999
2025-09-09T14:57:31.075959+01:00,1.247522393,7f Nov Stks,Leicester 9th Sep,2025-09-09 13:50:00+00:00,1,Zanthos,1.44,9.11,L,-9.11,218.50599999999997
2025-09-09T15:15:30.996214+01:00,1.247522529,6f Nursery,Catterick 9th Sep,2025-09-09 14:10:00+00:00,2,Maasai Mata,4.3,13.67,W,45.111,263.61699999999996
2025-09-09T15:26:30.951558+01:00,1.247522496,7f Nursery,Leicester 9th Sep,2025-09-09 14:20:00+00:00,1,Kuu,2.76,10.55,W,18.567999999999998,282.18499999999995
2025-09-09T15:41:32.098845+01:00,1.247522316,3m2f Hcap Hrd,Newton Abbot 9th Sep,2025-09-09 14:28:00+00:00,1,Jacks Jury,3.6,11.29,L,-11.29,270.8949999999999
2025-09-09T15:58:31.013097+01:00,1.247522490,7f Nov Stks,Leicester 9th Sep,2025-09-09 14:50:00+00:00,2,Monoceros,1.48,28.23,L,-28.23,242.66499999999994
2025-09-09T16:11:30.856856+01:00,1.247523188,1m Mdn,Galway 9th Sep,2025-09-09 15:05:00+00:00,3,Piazza San Marco,2.56,46.58,W,72.6648,315.3297999999999
2025-09-11T13:23:31.082381+01:00,1.247602823,6f Nursery,Doncaster 11th Sep,2025-09-11 12:15:00+00:00,1,Half Sovereign,3.55,8.8,W,22.44,242.44
2025-09-11T13:32:01.091240+01:00,1.247604578,6f Nov Stks,Chelmsford City 11th Sep,2025-09-11 12:25:00+00:00,1,Zen Diva,3.1,9.7,L,-9.7,232.74
2025-09-11T13:46:01.154503+01:00,1.247604330,7f Nov Stks,Epsom 11th Sep,2025-09-11 12:37:00+00:00,2,St Anton,2.0,11.64,L,-11.64,221.10000000000002
2025-09-11T14:01:31.679532+01:00,1.247602830,6f Stks,Doncaster 11th Sep,2025-09-11 12:50:00+00:00,3,Brussels,3.5,17.46,L,-17.46,203.64000000000001
2025-09-11T14:21:31.058416+01:00,1.247604337,7f Hcap,Epsom 11th Sep,2025-09-11 13:12:00+00:00,4,Kisskodi,5.4,26.19,W,115.23600000000002,318.87600000000003
2025-09-11T14:36:31.504403+01:00,1.247602838,1m Grp 2,Doncaster 11th Sep,2025-09-11 13:25:00+00:00,1,Moon Target,2.42,12.76,L,-12.76,306.11600000000004
2025-09-11T15:01:01.988482+01:00,1.247604344,1m2f Hcap,Epsom 11th Sep,2025-09-11 13:47:00+00:00,2,Double Red,5.5,19.14,W,86.13,392.24600000000004
2025-09-11T15:39:02.341781+01:00,1.247604350,1m4f Hcap,Epsom 11th Sep,2025-09-11 14:18:00+00:00,1,Give It To Me Oj,2.1,15.69,W,17.259,409.50500000000005
2025-09-11T15:56:01.304845+01:00,1.247604605,7f Hcap,Chelmsford City 11th Sep,2025-09-11 14:45:00+00:00,1,Rokuni,7.6,16.39,L,-16.39,393.11500000000007
2025-09-11T16:09:01.142200+01:00,1.247606587,1m1f Mdn,Clonmel 11th Sep,2025-09-11 15:02:00+00:00,2,Rock Of Ireland,3.75,24.59,L,-24.59,368.5250000000001
2025-09-11T16:29:31.363338+01:00,1.247604614,7f Hcap,Chelmsford City 11th Sep,2025-09-11 15:20:00+00:00,3,Love Is The Law,4.4,36.89,W,125.42600000000002,493.95100000000014
2025-09-12T13:12:01.430797+01:00,1.247629398,6f Nov Stks,Chester 12th Sep,2025-09-12 12:05:00+00:00,1,Mossvale Diva,1.83,8.8,W,7.304000000000001,227.304
2025-09-12T13:23:31.107410+01:00,1.247629450,1m6f Hcap,Doncaster 12th Sep,2025-09-12 12:15:00+00:00,1,Shadow Dance,5.8,9.1,L,-9.1,218.204
2025-09-12T13:46:01.261561+01:00,1.247629404,7f Nov Stks,Chester 12th Sep,2025-09-12 12:40:00+00:00,2,Zarathos,2.46,15.02,L,-15.02,203.184
2025-09-12T14:13:32.500310+01:00,1.247629457,7f Listed,Doncaster 12th Sep,2025-09-12 12:50:00+00:00,3,Hankelow,2.5,24.79,L,-24.79,178.394
2025-09-12T14:34:01.485117+01:00,1.247629464,5f Grp 2,Doncaster 12th Sep,2025-09-12 13:25:00+00:00,4,Mission Central,3.4,37.19,L,-37.19,141.204
2025-09-12T14:52:01.164606+01:00,1.247629417,7f Hcap,Chester 12th Sep,2025-09-12 13:45:00+00:00,5,Mayday Malone,2.46,61.37,W,89.6002,230.8042
2025-09-12T15:10:01.195689+01:00,1.247629470,2m2f Grp 2,Doncaster 12th Sep,2025-09-12 14:00:00+00:00,1,Sweet William,1.94,9.24,W,8.685599999999999,239.4898
2025-09-12T15:24:31.466086+01:00,1.247629424,7f Hcap,Chester 12th Sep,2025-09-12 14:17:00+00:00,1,Vixey,2.96,9.58,W,18.7768,258.2666
2025-09-12T15:52:01.463482+01:00,1.247629477,1m4f Hcap,Doncaster 12th Sep,2025-09-12 14:40:00+00:00,1,Perfect Your Craft,3.05,10.34,L,-10.34,247.92659999999998
2025-09-12T16:03:31.060922+01:00,1.247633571,2m2f Mdn Hrd,Ballinrobe 12th Sep,2025-09-12 14:55:00+00:00,2,Wackestone,1.92,13.49,L,-13.49,234.43659999999997
2025-09-12T16:19:01.168747+01:00,1.247629484,7f Mdn Stks,Doncaster 12th Sep,2025-09-12 15:10:00+00:00,3,Amelia Earhart,4.1,20.24,L,-20.24,214.19659999999996
2025-09-12T16:33:01.188552+01:00,1.247633576,2m2f Mdn Hrd,Ballinrobe 12th Sep,2025-09-12 15:25:00+00:00,4,Korinthia,1.69,76.65,W,52.8885,267.08509999999995
2025-09-13T13:24:01.290781+01:00,1.247659024,1m Hcap,Doncaster 13th Sep,2025-09-13 12:15:00+00:00,1,Treble Tee,3.6,8.8,W,22.880000000000003,242.88
2025-09-13T13:42:01.336199+01:00,1.247659354,7f Mdn Stks,Chester 13th Sep,2025-09-13 12:35:00+00:00,1,Ghost Mode,2.68,9.72,W,16.329600000000003,259.2096
2025-09-13T13:59:01.373014+01:00,1.247659030,7f Grp 2,Doncaster 13th Sep,2025-09-13 12:50:00+00:00,1,Gewan,2.28,10.37,L,-10.37,248.83960000000002
2025-09-13T14:14:31.258702+01:00,1.247659360,1m4f Listed Stks,Chester 13th Sep,2025-09-13 13:05:00+00:00,2,Hamish,2.48,17.12,W,25.337600000000002,274.1772
2025-09-13T14:40:30.936665+01:00,1.247658892,1m Hcap,Lingfield 13th Sep,2025-09-13 13:33:00+00:00,1,Tronido,2.22,10.97,L,-10.97,263.2072
2025-09-13T14:55:30.925110+01:00,1.247660593,7f Hcap,Leopardstown 13th Sep,2025-09-13 13:50:00+00:00,2,Gleneagle Bay,2.84,18.11,L,-18.11,245.0972
2025-09-13T15:07:31.006171+01:00,1.247659310,7f Grp 2,Doncaster 13th Sep,2025-09-13 14:00:00+00:00,3,Shadow Of Light,2.44,29.89,L,-29.89,215.2072
2025-09-13T15:22:31.132850+01:00,1.247658899,1m Hcap,Lingfield 13th Sep,2025-09-13 14:13:00+00:00,4,Elvetham,4.7,44.84,L,-44.84,170.3672
2025-09-13T15:39:01.364473+01:00,1.247658972,2m1f Hcap,Bath 13th Sep,2025-09-13 14:28:00+00:00,5,Rupert The Prince,2.26,73.99,L,-73.99,96.3772
2025-09-13T15:56:30.774783+01:00,1.247660603,1m4f Grp 3,Leopardstown 13th Sep,2025-09-13 14:50:00+00:00,6,Al Aasy,2.46,96.3772,L,-96.3772,0.0
2025-09-14T13:26:31.143041+01:00,1.247695358,1m2f Hcap,Doncaster 14th Sep,2025-09-14 12:20:00+00:00,1,Stormy Monday,5.2,8.8,W,36.96000000000001,256.96000000000004
2025-09-14T14:01:30.896655+01:00,1.247695364,1m2f Hcap,Doncaster 14th Sep,2025-09-14 12:55:00+00:00,1,Something Splendid,3.0,10.28,L,-10.28,246.68000000000004
2025-09-14T14:11:30.929307+01:00,1.247697190,6f Stks,Curragh 14th Sep,2025-09-14 13:05:00+00:00,2,Alparslan,2.66,16.97,W,28.1702,274.85020000000003
2025-09-14T14:25:31.494757+01:00,1.247694967,5f Nov Stks,Musselburgh 14th Sep,2025-09-14 13:15:00+00:00,1,Farandaway,1.39,11.0,L,-11.0,263.85020000000003
2025-09-14T14:38:31.196943+01:00,1.247695372,7f Hcap,Doncaster 14th Sep,2025-09-14 13:30:00+00:00,2,Defence Minister,7.4,16.5,L,-16.5,247.35020000000003
2025-09-14T14:46:30.873544+01:00,1.247697195,7f Grp 1,Curragh 14th Sep,2025-09-14 13:40:00+00:00,3,Composing,2.32,27.23,L,-27.23,220.12020000000004
2025-09-14T14:57:01.239414+01:00,1.247694970,1m Nursery,Musselburgh 14th Sep,2025-09-14 13:50:00+00:00,4,Supreme Dancer,3.65,40.85,L,-40.85,179.27020000000005
2025-09-14T15:16:31.256432+01:00,1.247695154,1m6f Hcap,Bath 14th Sep,2025-09-14 14:08:00+00:00,5,Skimming Along,4.5,61.28,L,-61.28,117.99020000000004
2025-09-14T15:33:01.320881+01:00,1.247694976,1m4f Hcap,Musselburgh 14th Sep,2025-09-14 14:25:00+00:00,6,Sea Master,2.98,117.99020000000004,L,-117.99020000000004,0.0
2025-09-15T13:39:31.329755+01:00,1.247727368,2m Nov Hcap Chs,Worcester 15th Sep,2025-09-15 12:30:00+00:00,1,Seeyouinmydreams,2.44,8.8,L,-8.8,211.2
2025-09-15T14:09:31.186501+01:00,1.247727373,2m4f Hcap Chs,Worcester 15th Sep,2025-09-15 13:00:00+00:00,2,Courtland,2.4,14.52,L,-14.52,196.67999999999998
2025-09-15T14:26:01.010973+01:00,1.247729268,1m4f App Hcap,Thirsk 15th Sep,2025-09-15 13:20:00+00:00,3,Max Of Stars,4.6,21.78,W,78.408,275.08799999999997
2025-09-15T14:39:01.274706+01:00,1.247727380,2m NHF,Worcester 15th Sep,2025-09-15 13:30:00+00:00,1,Rodeo,3.5,11.01,L,-11.01,264.078
2025-09-15T14:57:30.911704+01:00,1.247729275,6f Nursery,Thirsk 15th Sep,2025-09-15 13:50:00+00:00,2,King Victorious,4.8,16.52,L,-16.52,247.55799999999996
2025-09-15T15:09:31.240380+01:00,1.247727387,2m Mdn Hrd,Worcester 15th Sep,2025-09-15 14:00:00+00:00,3,The Expensive One,2.1,30.04,L,-30.04,217.51799999999997
2025-09-15T15:27:00.839736+01:00,1.247729282,7f Nov Stks,Thirsk 15th Sep,2025-09-15 14:20:00+00:00,4,North Force,2.2,57.57,L,-57.57,159.94799999999998
2025-09-15T15:38:31.347213+01:00,1.247727394,2m Mdn Hrd,Worcester 15th Sep,2025-09-15 14:30:00+00:00,5,Mr Mcloughlan,3.15,86.36,W,185.67399999999998,345.62199999999996
2025-09-15T16:10:31.508711+01:00,1.247727401,2m7f Nov Hcap Hrd,Worcester 15th Sep,2025-09-15 15:00:00+00:00,1,Getaway With You,2.98,13.83,L,-13.83,331.792
2025-09-15T16:26:30.782307+01:00,1.247729296,7f Hcap,Thirsk 15th Sep,2025-09-15 15:20:00+00:00,2,Mamma Maria,4.7,20.75,L,-20.75,311.042
2025-09-15T16:40:01.555373+01:00,1.247727407,2m4f Hcap Hrd,Worcester 15th Sep,2025-09-15 15:30:00+00:00,3,Ghasham,3.25,31.13,L,-31.13,279.912
2025-09-15T16:59:00.967977+01:00,1.247729303,1m Hcap,Thirsk 15th Sep,2025-09-15 15:50:00+00:00,4,Ravishing Beauty,4.3,46.7,L,-46.7,233.212
2025-09-15T17:28:01.153958+01:00,1.247729309,7f Hcap,Thirsk 15th Sep,2025-09-15 16:20:00+00:00,5,Al Muqdad,5.7,70.05,L,-70.05,163.16199999999998
2025-09-15T17:36:00.850755+01:00,1.247725281,1m Nursery,Kempton 15th Sep,2025-09-15 16:30:00+00:00,6,Midnight Rodeo,3.45,163.16199999999998,W,399.7469,562.9088999999999
2025-09-16T13:54:31.088758+01:00,1.247770784,1m Mdn,Punchestown 16th Sep,2025-09-16 12:48:00+00:00,1,Lookingforarainbow,2.14,8.8,L,-8.8,211.2
2025-09-16T14:23:01.517429+01:00,1.247767667,2m7f Hcap Hrd,Uttoxeter 16th Sep,2025-09-16 13:10:00+00:00,2,Keel Strand,5.2,13.2,L,-13.2,198.0
2025-09-16T14:36:01.247050+01:00,1.247767511,6f Nov Stks,Yarmouth 16th Sep,2025-09-16 13:25:00+00:00,3,Division,1.33,80.0,W,26.400000000000006,224.4
2025-09-16T14:51:31.418618+01:00,1.247767681,2m4f Mdn Hrd,Uttoxeter 16th Sep,2025-09-16 13:40:00+00:00,1,Three Pikes,2.32,8.98,L,-8.98,215.42000000000002
2025-09-16T15:01:01.122396+01:00,1.247767525,7f Nursery,Yarmouth 16th Sep,2025-09-16 13:55:00+00:00,2,Up The Agenda,4.7,13.47,W,49.839000000000006,265.259
2025-09-16T15:14:31.479886+01:00,1.247767567,6f Stks,Redcar 16th Sep,2025-09-16 14:03:00+00:00,1,Mossvale Diva,2.32,10.62,W,14.018399999999998,279.2774
2025-09-16T15:25:01.000212+01:00,1.247770799,1m1f Stks,Punchestown 16th Sep,2025-09-16 14:18:00+00:00,1,Birthe,2.52,11.18,L,-11.18,268.0974
2025-09-16T15:53:31.905971+01:00,1.247767687,3m Hcap Chs,Uttoxeter 16th Sep,2025-09-16 14:40:00+00:00,2,Bumpy Evans,2.8,18.45,L,-18.45,249.6474
2025-09-16T16:01:00.961402+01:00,1.247767532,7f Hcap,Yarmouth 16th Sep,2025-09-16 14:55:00+00:00,3,Palmarian,5.4,27.68,L,-27.68,221.9674
2025-09-16T16:21:01.549719+01:00,1.247767694,2m4f Hcap Hrd,Uttoxeter 16th Sep,2025-09-16 15:10:00+00:00,4,Jhentong Enki,4.8,41.52,L,-41.52,180.4474
2025-09-16T16:32:00.850144+01:00,1.247767607,1m Stks,Wolverhampton 16th Sep,2025-09-16 15:25:00+00:00,5,Nanny Park,1.93,127.53,L,-127.53,52.91739999999999
2025-09-16T16:46:01.263314+01:00,1.247767594,1m Hcap,Redcar 16th Sep,2025-09-16 15:35:00+00:00,6,Jez Bomb,4.9,52.91739999999999,L,-52.91739999999999,0.0
2025-09-17T14:26:31.539471+01:00,1.247822203,5f Mdn Stks,Beverley 17th Sep,2025-09-17 13:15:00+00:00,1,Quantum Power,4.5,8.8,W,30.800000000000004,250.8
2025-09-17T14:41:00.918303+01:00,1.247821923,7f Nov Stks,Sandown 17th Sep,2025-09-17 13:35:00+00:00,1,Morshdi,1.94,10.04,L,-10.04,240.76000000000002
2025-09-17T14:55:31.377440+01:00,1.247822226,5f Nov Stks,Beverley 17th Sep,2025-09-17 13:45:00+00:00,2,Tea Queen,2.26,16.57,L,-16.57,224.19000000000003
2025-09-17T15:09:30.686503+01:00,1.247821928,1m Mdn Stks,Sandown 17th Sep,2025-09-17 14:05:00+00:00,3,Accredit,1.39,81.88,W,31.93319999999999,256.1232
2025-09-17T15:27:31.555661+01:00,1.247822290,7f Nov Stks,Beverley 17th Sep,2025-09-17 14:15:00+00:00,1,Elizabetty,3.3,10.25,L,-10.25,245.8732
2025-09-17T15:40:30.975826+01:00,1.247821930,1m Listed,Sandown 17th Sep,2025-09-17 14:35:00+00:00,2,Ciceros Gift,2.98,16.92,W,33.5016,279.3748
2025-09-17T15:55:00.876273+01:00,1.247822304,1m Nursery,Beverley 17th Sep,2025-09-17 14:48:00+00:00,1,Dunkeld Dreamer,2.22,11.18,W,13.639600000000002,293.0144
2025-09-17T16:07:01.044650+01:00,1.247822066,1m2f Listed,Yarmouth 17th Sep,2025-09-17 15:00:00+00:00,1,Life Is Beautiful,4.7,11.73,L,-11.73,281.2844
2025-09-17T16:17:00.959723+01:00,1.247821936,1m Hcap,Sandown 17th Sep,2025-09-17 15:10:00+00:00,2,Lady Mariko,3.05,17.6,L,-17.6,263.6844
2025-09-17T16:33:01.194095+01:00,1.247822350,2m5f Hcap Hrd,Kelso 17th Sep,2025-09-17 15:25:00+00:00,3,Here Comes Georgie,4.2,26.4,L,-26.4,237.28439999999998
2025-09-17T16:39:00.864431+01:00,1.247822162,1m1f Hcap,Yarmouth 17th Sep,2025-09-17 15:35:00+00:00,4,Sea Force,3.15,39.6,W,85.14,322.4244
2025-09-18T13:55:01.416457+01:00,1.247871924,1m Nov Stks,Ayr 18th Sep,2025-09-18 12:45:00+00:00,1,Mr Colonel,1.56,8.8,L,-8.8,211.2
2025-09-18T14:07:00.943642+01:00,1.247871770,6f Nursery,Yarmouth 18th Sep,2025-09-18 13:00:00+00:00,2,Gouken,2.84,14.52,L,-14.52,196.67999999999998
2025-09-18T14:28:01.165328+01:00,1.247872411,6f Nov Stks,Pontefract 18th Sep,2025-09-18 13:22:00+00:00,3,Kind Touch,1.87,32.17,L,-32.17,164.51
2025-09-18T14:37:01.131279+01:00,1.247871777,1m1f Mdn Stks,Yarmouth 18th Sep,2025-09-18 13:30:00+00:00,4,Green Falcon,2.84,53.09,L,-53.09,111.41999999999999
2025-09-18T14:53:31.179464+01:00,1.247871953,1m2f Hcap,Ayr 18th Sep,2025-09-18 13:45:00+00:00,5,Crowd Quake,3.85,79.64,L,-79.64,31.779999999999987
2025-09-18T15:06:00.868416+01:00,1.247871782,1m Nursery,Yarmouth 18th Sep,2025-09-18 14:00:00+00:00,6,Kalokalo,1.86,31.779999999999987,W,27.330799999999993,59.11079999999998
2025-09-18T15:23:00.898332+01:00,1.247871959,1m2f Hcap,Ayr 18th Sep,2025-09-18 14:15:00+00:00,1,Aeolian,2.38,2.37,L,-2.37,56.740799999999986
2025-09-18T15:42:00.746753+01:00,1.247877416,5f Nursery,Naas 18th Sep,2025-09-18 14:37:00+00:00,2,Believe In Glory,5.2,3.56,L,-3.56,53.180799999999984
2025-09-18T15:53:00.984709+01:00,1.247871968,1m Hcap,Ayr 18th Sep,2025-09-18 14:45:00+00:00,3,Waiting All Night,4.1,5.34,L,-5.34,47.84079999999999
2025-09-18T16:03:00.874593+01:00,1.247871813,7f Nov Stks,Kempton 18th Sep,2025-09-18 14:57:00+00:00,4,Leone Alato,3.2,8.01,L,-8.01,39.83079999999999
2025-09-18T16:16:31.255612+01:00,1.247877421,1m Mdn,Naas 18th Sep,2025-09-18 15:07:00+00:00,5,Ipanema Beach,2.66,13.22,L,-13.22,26.61079999999999
2025-09-18T16:24:30.944944+01:00,1.247872351,1m2f Nursery,Chelmsford City 18th Sep,2025-09-18 15:18:00+00:00,6,Explosion,1.64,26.61079999999999,W,17.03091199999999,43.641711999999984
2025-09-19T13:36:01.008269+01:00,1.247911590,7f Nursery,Ayr 19th Sep,2025-09-19 12:28:00+00:00,1,Radiance,3.4,8.8,L,-8.8,211.2
2025-09-19T13:52:30.918148+01:00,1.247910323,6f Mdn Stks,Newbury 19th Sep,2025-09-19 12:45:00+00:00,2,One And Gone,4.3,13.2,L,-13.2,198.0
2025-09-19T14:02:00.538163+01:00,1.247911604,6f Nursery,Ayr 19th Sep,2025-09-19 12:58:00+00:00,3,Reciprocated,4.6,19.8,L,-19.8,178.2
2025-09-19T14:19:30.962240+01:00,1.247912858,2m2f Mdn Hrd,Downpatrick 19th Sep,2025-09-19 13:11:00+00:00,4,High Court Cave,1.7,71.66,W,50.16199999999999,228.36199999999997
2025-09-19T14:40:00.942962+01:00,1.247911597,5f Listed Stks,Ayr 19th Sep,2025-09-19 13:33:00+00:00,1,Ipanema Queen,3.45,9.14,L,-9.14,219.22199999999998
2025-09-19T14:55:01.020284+01:00,1.247912863,2m2f Hcap Hrd,Downpatrick 19th Sep,2025-09-19 13:46:00+00:00,2,Arcland,3.3,13.71,W,31.533,250.755
2025-09-19T15:10:31.022277+01:00,1.247911618,5f Listed Stks,Ayr 19th Sep,2025-09-19 14:05:00+00:00,1,Beautiful Diamond,3.75,10.04,W,27.61,278.365
2025-09-19T15:22:01.089503+01:00,1.247910285,2m1f Nov Hrd,Newton Abbot 19th Sep,2025-09-19 14:13:00+00:00,1,Highland Haven,1.98,11.14,L,-11.14,267.225
2025-09-19T15:37:31.026857+01:00,1.247910341,1m Cond Stks,Newbury 19th Sep,2025-09-19 14:30:00+00:00,2,Look To The Stars,3.7,16.71,W,45.117000000000004,312.34200000000004
2025-09-19T15:57:01.009826+01:00,1.247910305,2m1f Hcap Hrd,Newton Abbot 19th Sep,2025-09-19 14:48:00+00:00,1,Dickens,2.74,12.5,W,21.750000000000004,334.09200000000004
2025-09-20T13:06:00.973202+01:00,1.247938605,1m Nov Stks,Newmarket 20th Sep,2025-09-20 12:00:00+00:00,1,Romantic Symphony,2.06,8.8,W,9.328000000000001,229.328
2025-09-20T13:23:01.220530+01:00,1.247939515,1m Hcap,Ayr 20th Sep,2025-09-20 12:15:00+00:00,1,Apiarist,8.0,9.18,L,-9.18,220.148
2025-09-20T13:34:31.037908+01:00,1.247940289,2m Mdn Hrd,Navan 20th Sep,2025-09-20 12:25:00+00:00,2,Minella Hollow,5.0,13.77,L,-13.77,206.378
2025-09-20T13:46:00.519647+01:00,1.247940121,1m Mdn,Gowran Park 20th Sep,2025-09-20 12:42:00+00:00,3,Ice Dancer,2.14,24.16,W,27.542400000000004,233.9204
2025-09-20T13:57:00.964882+01:00,1.247939521,1m2f Listed,Ayr 20th Sep,2025-09-20 12:50:00+00:00,1,ALMERIC,2.86,9.36,W,17.409599999999998,251.32999999999998
2025-09-20T14:07:30.918873+01:00,1.247940294,2m Hcap Hrd,Navan 20th Sep,2025-09-20 13:00:00+00:00,1,St Faz,3.2,10.06,L,-10.06,241.26999999999998
2025-09-20T14:16:30.855328+01:00,1.247938709,7f Hcap,Newmarket 20th Sep,2025-09-20 13:10:00+00:00,2,Daring Legend,7.2,15.09,W,93.558,334.828
2025-09-20T14:37:30.870232+01:00,1.247938495,6f Nov Stks,Chester 20th Sep,2025-09-20 13:30:00+00:00,1,Callahan,3.5,13.4,L,-13.4,321.428
2025-09-20T14:51:31.318006+01:00,1.247938554,1m2f Hcap,Newbury 20th Sep,2025-09-20 13:40:00+00:00,2,Theory Of Tides,6.0,20.1,L,-20.1,301.328
2025-09-20T15:07:00.971025+01:00,1.247939537,6f Grp 3,Ayr 20th Sep,2025-09-20 14:00:00+00:00,3,Lam Yai,5.7,30.15,L,-30.15,271.178
2025-09-20T15:21:01.376968+01:00,1.247940304,2m3f Hcap Hrd,Navan 20th Sep,2025-09-20 14:10:00+00:00,4,Rebellious Gale,6.0,45.23,L,-45.23,225.948
2025-09-20T15:34:00.886624+01:00,1.247940136,1m Hcap,Gowran Park 20th Sep,2025-09-20 14:27:00+00:00,5,Ohmali,5.4,67.85,W,298.54,524.488
2025-09-20T15:56:01.269430+01:00,1.247940309,2m3f Hcap Hrd,Navan 20th Sep,2025-09-20 14:45:00+00:00,1,Juke Box Rock,5.2,20.98,L,-20.98,503.50800000000004
2025-09-20T16:10:01.115500+01:00,1.247940141,1m Hcap,Gowran Park 20th Sep,2025-09-20 15:03:00+00:00,2,Camachero,5.6,31.47,L,-31.47,472.038
2025-09-20T16:22:30.593546+01:00,1.247938750,1m1f Nursery,Wolverhampton 20th Sep,2025-09-20 15:19:00+00:00,3,Midnight Rodeo,1.91,69.17,W,62.9447,534.9827
2025-09-21T14:44:33.183376+01:00,1.247969502,1m Mdn Stks,Hamilton 21st Sep,2025-09-21 13:13:00+00:00,1,Mehsun,2.86,8.8,L,-8.8,211.2
2025-09-21T14:58:01.125690+01:00,1.247969574,2m Hcap Hrd,Plumpton 21st Sep,2025-09-21 13:50:00+00:00,2,Sain Et Sauf,4.8,13.2,L,-13.2,198.0
2025-09-21T15:16:01.079396+01:00,1.247969674,1m Hcap,Southwell 21st Sep,2025-09-21 14:07:00+00:00,3,Best Rate,4.3,19.8,L,-19.8,178.2
2025-09-21T15:30:01.333715+01:00,1.247969580,2m4f Mdn Hrd,Plumpton 21st Sep,2025-09-21 14:20:00+00:00,4,Kajikia,1.3,167.2,W,50.160000000000004,228.35999999999999
2025-09-21T15:42:30.869153+01:00,1.247969681,5f Mdn Stks,Southwell 21st Sep,2025-09-21 14:37:00+00:00,1,Hypnotised,1.8,9.14,W,7.312000000000001,235.672
2025-09-21T15:59:01.150734+01:00,1.247969585,2m Hcap Hrd,Plumpton 21st Sep,2025-09-21 14:50:00+00:00,1,Nap Hand,2.76,9.43,L,-9.43,226.242
2025-09-21T16:23:01.248515+01:00,1.247969527,1m1f Hcap,Hamilton 21st Sep,2025-09-21 15:13:00+00:00,2,Naturalia,3.65,14.15,L,-14.15,212.09199999999998
2025-09-21T16:37:31.213380+01:00,1.247972905,2m1f Nov Chs,Listowel 21st Sep,2025-09-21 15:28:00+00:00,3,Waterford Whispers,4.4,21.23,L,-21.23,190.862
2025-09-21T17:01:01.530809+01:00,1.247969604,2m2f NHF,Plumpton 21st Sep,2025-09-21 15:50:00+00:00,4,Masked Mistress,1.66,81.48,W,53.776799999999994,244.6388
2025-09-22T13:37:00.900488+01:00,1.248006454,1m Mdn,Listowel  22nd Sep,2025-09-22 12:30:00+00:00,1,World Tour,5.1,8.8,L,-8.8,211.2
2025-09-22T13:47:00.930703+01:00,1.248001950,7f Hcap,Leicester 22nd Sep,2025-09-22 12:40:00+00:00,2,Homer Stokes,5.0,13.2,L,-13.2,198.0
2025-09-22T14:12:01.230641+01:00,1.248006459,1m Hcap,Listowel  22nd Sep,2025-09-22 13:02:00+00:00,3,Racing Royalty,7.0,19.8,L,-19.8,178.2
2025-09-22T14:28:00.819011+01:00,1.248001912,6f Mdn Stks,Hamilton 22nd Sep,2025-09-22 13:23:00+00:00,4,Passing Thought,1.73,68.72,W,50.1656,228.36559999999997
2025-09-22T14:43:31.887485+01:00,1.248001865,2m2f Nov Hcap Hrd,Fontwell 22nd Sep,2025-09-22 13:30:00+00:00,1,Graham,3.6,9.14,L,-9.14,219.2256
2025-09-22T15:04:00.862450+01:00,1.248001917,5f Nursery,Hamilton 22nd Sep,2025-09-22 13:58:00+00:00,2,Dandy Style,2.7,15.09,W,25.653000000000002,244.87859999999998
2025-09-22T15:17:31.046416+01:00,1.248006469,1m Hcap,Listowel  22nd Sep,2025-09-22 14:12:00+00:00,1,Grey Leader,4.8,9.8,L,-9.8,235.07859999999997
2025-09-22T15:29:30.872319+01:00,1.248006418,7f Stks,Fairyhouse 22nd Sep,2025-09-22 14:25:00+00:00,2,Idiocracy,2.94,16.17,L,-16.17,218.90859999999998
2025-09-22T15:43:31.350747+01:00,1.248001923,1m4f Hcap,Hamilton 22nd Sep,2025-09-22 14:33:00+00:00,3,Mafting,2.96,26.69,L,-26.69,192.21859999999998
2025-09-22T15:57:01.191820+01:00,1.248006474,1m3f Hcap,Listowel  22nd Sep,2025-09-22 14:47:00+00:00,4,Chica Guerrera,4.5,40.04,L,-40.04,152.1786
2025-09-22T16:13:31.460527+01:00,1.248006423,7f Mdn,Fairyhouse 22nd Sep,2025-09-22 15:00:00+00:00,5,Win Me Over,2.26,66.07,L,-66.07,86.1086
2025-09-22T16:27:31.468953+01:00,1.248001888,2m2f Hcap Hrd,Fontwell 22nd Sep,2025-09-22 15:15:00+00:00,6,Cawthorne Banker,1.8,86.1086,L,-86.1086,0.0
2025-09-23T13:58:01.803472+01:00,1.248043964,1m4f Nov Stks,Lingfield 23rd Sep,2025-09-23 12:45:00+00:00,1,Master Vintner,1.4,8.8,W,3.5199999999999996,223.52
2025-09-23T14:16:01.099599+01:00,1.248043820,1m Nov Stks,Beverley 23rd Sep,2025-09-23 13:08:00+00:00,1,Circle Of Magic,2.14,8.95,L,-8.95,214.57000000000002
2025-09-23T14:28:31.096782+01:00,1.248044589,7f Mdn,Listowel 23rd Sep,2025-09-23 13:20:00+00:00,2,Straight Up,3.6,13.43,W,34.918,249.48800000000003
2025-09-23T14:44:31.042302+01:00,1.248043827,5f Nov Stks,Beverley 23rd Sep,2025-09-23 13:38:00+00:00,1,Ironwill,2.4,9.98,W,13.972,263.46000000000004
2025-09-23T14:56:30.904096+01:00,1.248044594,7f Hcap,Listowel 23rd Sep,2025-09-23 13:50:00+00:00,1,Liamo,6.2,10.54,L,-10.54,252.92000000000004
2025-09-23T15:06:01.257437+01:00,1.248043873,2m Nov Hrd,Warwick 23rd Sep,2025-09-23 13:58:00+00:00,2,Soleil Darizona,1.57,22.19,W,12.648300000000003,265.5683
2025-09-23T15:19:30.654019+01:00,1.248043985,1m Mdn Stks,Lingfield 23rd Sep,2025-09-23 14:15:00+00:00,1,Indian Spirit,2.16,10.63,W,12.330800000000002,277.89910000000003
2025-09-23T15:36:00.887208+01:00,1.248043880,2m Nov Hrd,Warwick 23rd Sep,2025-09-23 14:28:00+00:00,1,Beau Quali,2.32,11.12,L,-11.12,266.7791
2025-09-23T15:44:00.817285+01:00,1.248043840,5f Cond Stks,Beverley 23rd Sep,2025-09-23 14:38:00+00:00,2,Democracy Dilemma,3.8,16.68,L,-16.68,250.09910000000002
2025-09-23T15:56:30.913138+01:00,1.248044604,1m Listed Stks,Listowel 23rd Sep,2025-09-23 14:50:00+00:00,3,Evening Blossom,4.0,25.02,L,-25.02,225.0791
2025-09-23T16:08:31.353833+01:00,1.248043886,2m3f Hcap Hrd,Warwick 23rd Sep,2025-09-23 14:58:00+00:00,4,Belle Montrose,2.8,41.29,L,-41.29,183.78910000000002
2025-09-23T16:21:00.845875+01:00,1.248043999,1m Hcap,Lingfield 23rd Sep,2025-09-23 15:15:00+00:00,5,City Of Poets,3.3,61.94,L,-61.94,121.84910000000002
2025-09-23T16:31:00.745791+01:00,1.248043909,2m Hcap,Southwell 23rd Sep,2025-09-23 15:25:00+00:00,6,Night Tara,1.34,121.84910000000002,L,-121.84910000000002,0.0
2025-09-24T13:47:01.331723+01:00,1.248102537,1m Nursery,Redcar 24th Sep,2025-09-24 12:40:00+00:00,1,Lynxman,4.5,8.8,L,-8.8,211.2
2025-09-24T14:13:32.860859+01:00,1.248102169,1m2f Cond Stks,Goodwood 24th Sep,2025-09-24 12:50:00+00:00,2,Royal Playwright,1.86,12.28,W,10.5608,221.7608
2025-09-24T14:22:01.148875+01:00,1.248102544,6f Nursery,Redcar 24th Sep,2025-09-24 13:15:00+00:00,1,Mossvale Diva,3.15,8.88,L,-8.88,212.8808
2025-09-24T14:31:30.893695+01:00,1.248102172,1m2f Mdn Stks,Goodwood 24th Sep,2025-09-24 13:25:00+00:00,2,Bay Of Brilliance,2.22,8.74,W,10.662800000000002,223.5436
2025-09-24T14:42:00.967888+01:00,1.248102132,2m Nov Hrd,Perth 24th Sep,2025-09-24 13:33:00+00:00,1,Wandering Ego,2.54,8.95,L,-8.95,214.5936
2025-09-24T14:58:01.510241+01:00,1.248102550,7f Nov Stks,Redcar 24th Sep,2025-09-24 13:50:00+00:00,2,Inishbeg,2.52,14.77,L,-14.77,199.8236
2025-09-24T15:08:01.039849+01:00,1.248102179,1m Hcap,Goodwood 24th Sep,2025-09-24 14:00:00+00:00,3,Alpha Crucis,5.6,22.16,L,-22.16,177.6636
2025-09-24T15:31:01.852649+01:00,1.248107403,2m2f Hcap Hrd,Listowel 24th Sep,2025-09-24 14:15:00+00:00,4,Bearami Creek,4.2,33.24,L,-33.24,144.4236
2025-09-24T15:45:31.216368+01:00,1.248102186,1m2f Listed Stks,Goodwood 24th Sep,2025-09-24 14:35:00+00:00,5,Saddadd,2.66,54.85,L,-54.85,89.5736
2025-09-24T16:06:31.845398+01:00,1.248107408,3m Hcap Hrd,Listowel 24th Sep,2025-09-24 14:50:00+00:00,6,Bitofajokelike,4.9,89.5736,L,-89.5736,0.0
2025-09-25T13:58:01.056743+01:00,1.248161582,1m Mdn Stks,Newmarket 25th Sep,2025-09-25 12:50:00+00:00,1,Del Maro,1.96,8.8,L,-8.8,211.2
2025-09-25T14:12:30.728015+01:00,1.248161628,5f App Hcap,Pontefract 25th Sep,2025-09-25 13:08:00+00:00,2,Canaria Queen,2.32,14.52,L,-14.52,196.67999999999998
2025-09-25T14:23:31.612777+01:00,1.248169672,2m Mdn Hrd,Listowel 25th Sep,2025-09-25 13:15:00+00:00,3,Carrigmoornaspruce,1.63,44.42,W,27.984599999999997,224.66459999999998
2025-09-25T14:32:31.137055+01:00,1.248161588,1m Nursery,Newmarket 25th Sep,2025-09-25 13:25:00+00:00,1,Monoceros,3.1,8.99,L,-8.99,215.67459999999997
2025-09-25T14:48:00.834780+01:00,1.248161634,6f Mdn Stks,Pontefract 25th Sep,2025-09-25 13:43:00+00:00,2,Spanish Waltz,1.49,22.02,W,10.7898,226.46439999999996
2025-09-25T15:00:01.766377+01:00,1.248169677,2m Mdn Hrd,Listowel 25th Sep,2025-09-25 13:50:00+00:00,1,Heads Up,1.71,9.06,W,6.4326,232.89699999999996
2025-09-25T15:17:01.459147+01:00,1.248161759,2m Nov Hcap Hrd,Perth 25th Sep,2025-09-25 14:08:00+00:00,1,Top Flight Century,3.5,9.32,L,-9.32,223.57699999999997
2025-09-25T15:35:01.318657+01:00,1.248169682,2m Listed Hcap Hrd,Listowel 25th Sep,2025-09-25 14:25:00+00:00,2,Messerschmitt,5.3,13.98,L,-13.98,209.59699999999998
2025-09-25T15:54:01.532094+01:00,1.248161766,3m Hcap Chs,Perth 25th Sep,2025-09-25 14:43:00+00:00,3,Upfordebate,3.1,20.97,W,44.037,253.634
2025-09-25T16:07:31.215870+01:00,1.248169687,2m Hcap Hrd,Listowel 25th Sep,2025-09-25 15:00:00+00:00,1,Targa Flavio,6.2,10.15,L,-10.15,243.48399999999998
2025-09-25T16:21:01.287826+01:00,1.248161607,2m Listed,Newmarket 25th Sep,2025-09-25 15:10:00+00:00,2,Live Your Dream,3.1,15.23,L,-15.23,228.254
2025-09-25T16:35:01.071479+01:00,1.248161655,1m2f Hcap,Pontefract 25th Sep,2025-09-25 15:28:00+00:00,3,Wave Rider,1.99,30.77,W,30.4623,258.7163
2025-09-26T13:19:31.462744+01:00,1.248207184,2m7f Nov Chs,Worcester 26th Sep,2025-09-26 12:07:00+00:00,1,Coco Mademoiselle,1.28,8.8,W,2.4640000000000004,222.464
2025-09-26T13:34:39.628749+01:00,1.248211668,2m2f Mdn Hrd,Listowel 26th Sep,2025-09-26 12:23:00+00:00,1,Frankie John,1.79,8.9,L,-8.9,213.564
2025-09-26T13:44:00.800609+01:00,1.248207187,2m Hcap Chs,Worcester 26th Sep,2025-09-26 12:37:00+00:00,2,Rocks Up Late,4.1,13.35,L,-13.35,200.214
2025-09-26T14:03:31.556968+01:00,1.248207146,1m4f Grp 3,Newmarket 26th Sep,2025-09-26 12:50:00+00:00,3,Spirited Style,2.62,22.03,L,-22.03,178.184
2025-09-26T14:19:31.586355+01:00,1.248207194,2m4f Nov Hcap Chs,Worcester 26th Sep,2025-09-26 13:07:00+00:00,4,Traveling Soldier,3.65,33.05,L,-33.05,145.13400000000001
2025-09-26T14:31:00.807400+01:00,1.248207152,7f Grp 2,Newmarket 26th Sep,2025-09-26 13:25:00+00:00,5,Touleen,2.42,54.54,L,-54.54,90.59400000000002
2025-09-26T14:43:31.234326+01:00,1.248211678,2m Hcap Hrd,Listowel 26th Sep,2025-09-26 13:33:00+00:00,6,Mount Ferns,3.0,90.59400000000002,L,-90.59400000000002,0.0
2025-09-27T13:30:30.863803+01:00,1.248246291,6f Mdn,Curragh 27th Sep,2025-09-27 12:25:00+00:00,1,Armada De Lope,3.6,8.8,L,-8.8,211.2
2025-09-27T13:47:00.936615+01:00,1.248245619,6f Mdn Stks,Ripon 27th Sep,2025-09-27 12:40:00+00:00,2,Here Forever,1.34,31.06,W,10.560400000000001,221.7604
2025-09-27T13:58:01.193112+01:00,1.248245562,1m Grp 2,Newmarket 27th Sep,2025-09-27 12:50:00+00:00,1,Bow Echo,3.7,8.88,W,23.976000000000003,245.7364
2025-09-27T14:18:00.897254+01:00,1.248249936,2m Mdn Hrd,Listowel 27th Sep,2025-09-27 13:10:00+00:00,1,Louiescall,4.4,9.83,L,-9.83,235.9064
2025-09-27T14:33:31.068616+01:00,1.248245569,6f Grp 1,Newmarket 27th Sep,2025-09-27 13:25:00+00:00,2,True Love,3.2,14.75,W,32.45,268.3564
2025-09-27T14:39:30.762698+01:00,1.248246301,1m Grp 2,Curragh 27th Sep,2025-09-27 13:35:00+00:00,1,Hawk Mountain,2.1,10.74,W,11.814000000000002,280.17040000000003
2025-09-27T14:54:00.967450+01:00,1.248249941,2m4f Nov Hrd,Listowel 27th Sep,2025-09-27 13:45:00+00:00,1,Cameletta Vega,3.15,11.21,L,-11.21,268.96040000000005
2025-09-27T15:29:32.986114+01:00,1.248245576,6f Grp 1,Newmarket 27th Sep,2025-09-27 14:00:00+00:00,2,Wise Approach,2.68,18.5,W,31.080000000000002,300.04040000000003
2025-09-27T15:51:01.416119+01:00,1.248245583,1m1f Hcap,Newmarket 27th Sep,2025-09-27 14:40:00+00:00,1,Real Gain,7.6,12.01,L,-12.01,288.03040000000004
2025-09-27T16:07:31.378748+01:00,1.248249951,2m6f Hcap Hrd,Listowel 27th Sep,2025-09-27 14:55:00+00:00,2,Rising Dust,2.48,19.82,W,29.3336,317.36400000000003
2025-09-28T13:37:31.101857+01:00,1.248283265,1m1f Mdn,Curragh 28th Sep,2025-09-28 12:30:00+00:00,1,Cape Cod,1.77,8.8,L,-8.8,211.2
2025-09-28T13:54:01.052877+01:00,1.248279183,7f Nursery,Epsom 28th Sep,2025-09-28 12:45:00+00:00,2,Galileo Island,4.3,13.2,W,43.559999999999995,254.76
2025-09-28T14:11:30.743019+01:00,1.248283272,7f Mdn,Curragh 28th Sep,2025-09-28 13:05:00+00:00,1,White Sand Beach,2.26,10.2,L,-10.2,244.56
2025-09-28T14:17:00.630459+01:00,1.248279936,7f App Hcap,Newcastle 28th Sep,2025-09-28 13:13:00+00:00,2,Flying Fletcher,6.2,15.3,L,-15.3,229.26
2025-09-28T14:28:00.954029+01:00,1.248279221,1m Cond Stks,Epsom 28th Sep,2025-09-28 13:20:00+00:00,3,Alfaraz,2.02,30.0,L,-30.0,199.26
2025-09-28T14:37:00.886330+01:00,1.248279567,7f Mdn Stks,Ffos Las 28th Sep,2025-09-28 13:30:00+00:00,4,Lavender Gold,2.06,62.84,L,-62.84,136.42
2025-09-28T14:49:30.604418+01:00,1.248279949,7f App Hcap,Newcastle 28th Sep,2025-09-28 13:45:00+00:00,5,Lir Speciale,2.5,103.69,L,-103.69,32.72999999999999
2025-09-28T15:04:31.068431+01:00,1.248279281,1m2f Nov Stks,Epsom 28th Sep,2025-09-28 13:55:00+00:00,6,Gamrai,1.32,32.72999999999999,L,-32.72999999999999,0.0
2025-09-29T13:48:01.261836+01:00,1.248315819,1m7f Mdn Hrd,Roscommon 29th Sep,2025-09-29 12:40:00+00:00,1,Rakki,1.58,8.8,W,5.104000000000001,225.104
2025-09-29T13:54:30.741712+01:00,1.248311112,5f Mdn Stks,Hamilton 29th Sep,2025-09-29 12:50:00+00:00,1,Eat Pray Run,1.04,9.01,W,0.36040000000000033,225.4644
2025-09-29T14:03:31.131269+01:00,1.248311036,2m Nov Hcap Chs,Newton Abbot 29th Sep,2025-09-29 12:56:00+00:00,1,Centara,1.98,9.02,W,8.839599999999999,234.304
2025-09-29T14:23:01.195577+01:00,1.248315824,1m7f Hcap Hrd,Roscommon 29th Sep,2025-09-29 13:15:00+00:00,1,No Big Deal,5.5,9.38,L,-9.38,224.924
2025-09-29T14:41:31.152117+01:00,1.248311039,2m2f Hcap Hrd,Newton Abbot 29th Sep,2025-09-29 13:31:00+00:00,2,Dickens,3.4,14.07,W,33.768,258.692
2025-09-29T14:59:01.077924+01:00,1.248315829,2m4f Mdn Hrd,Roscommon 29th Sep,2025-09-29 13:50:00+00:00,1,Woodland Adventure,3.85,10.35,L,-10.35,248.342
2025-09-29T15:15:01.012306+01:00,1.248311046,2m1f Nov Hrd,Newton Abbot 29th Sep,2025-09-29 14:06:00+00:00,2,John Barbour,1.74,16.79,L,-16.79,231.55200000000002
2025-09-29T15:35:01.194019+01:00,1.248315834,2m4f Hcap Hrd,Roscommon 29th Sep,2025-09-29 14:25:00+00:00,3,Nettuno Italia,5.1,25.19,L,-25.19,206.36200000000002
2025-09-29T15:52:01.142620+01:00,1.248311052,3m2f Nov Hcap Hrd,Newton Abbot 29th Sep,2025-09-29 14:41:00+00:00,4,Touchwoodexpress,3.15,37.79,W,81.24849999999999,287.6105
2025-09-29T16:09:31.144124+01:00,1.248315839,3m Hcap Hrd,Roscommon 29th Sep,2025-09-29 15:00:00+00:00,1,Birmingham Alabama,4.8,11.51,L,-11.51,276.1005
2025-09-29T16:27:01.238024+01:00,1.248311057,3m2f Hcap Chs,Newton Abbot 29th Sep,2025-09-29 15:16:00+00:00,2,Hold Your Fort,2.94,19.0,L,-19.0,257.1005
2025-09-29T16:42:30.946869+01:00,1.248315844,2m Grd 3 Nov Chs,Roscommon 29th Sep,2025-09-29 15:35:00+00:00,3,Westport Cove,1.78,46.94,W,36.6132,293.7137
2025-09-30T13:51:00.955641+01:00,1.248360002,5f Mdn,Cork 30th Sep,2025-09-30 12:45:00+00:00,1,Tornado Kiss,1.83,8.8,W,7.304000000000001,227.304
2025-09-30T14:07:00.882740+01:00,1.248356979,1m App Hcap,Ayr 30th Sep,2025-09-30 13:00:00+00:00,1,Dwindling Funds,3.85,9.1,W,25.935,253.239
2025-09-30T14:23:31.039448+01:00,1.248360007,6f Nursery,Cork 30th Sep,2025-09-30 13:15:00+00:00,1,Joyful Tidings,5.3,10.13,L,-10.13,243.109
2025-09-30T14:36:00.700477+01:00,1.248356986,6f Mdn Stks,Ayr 30th Sep,2025-09-30 13:30:00+00:00,2,Jeddaal,1.85,14.31,L,-14.31,228.799
2025-09-30T14:59:01.023847+01:00,1.248359947,1m5f Hcap,Bath 30th Sep,2025-09-30 13:52:00+00:00,3,Jimmy Mark,5.3,21.47,L,-21.47,207.329
2025-09-30T15:15:31.157134+01:00,1.248356953,2m5f Hcap Chs,Sedgefield 30th Sep,2025-09-30 14:07:00+00:00,4,Moonshine Man,2.6,35.43,L,-35.43,171.899
2025-09-30T15:29:01.005331+01:00,1.248359954,1m Hcap,Bath 30th Sep,2025-09-30 14:22:00+00:00,5,Thapa Vc,4.8,53.15,W,201.97,373.869
2025-09-30T15:45:01.399904+01:00,1.248356959,2m4f Hcap Hrd,Sedgefield 30th Sep,2025-09-30 14:37:00+00:00,1,Zamond,3.1,14.96,W,31.416000000000004,405.285
2025-09-30T16:00:31.438737+01:00,1.248359960,1m Hcap,Bath 30th Sep,2025-09-30 14:52:00+00:00,1,Havana Mojito,6.2,16.22,L,-16.22,389.06500000000005
2025-09-30T16:21:01.640517+01:00,1.248356965,2m Hcap Chs,Sedgefield 30th Sep,2025-09-30 15:07:00+00:00,2,Delpotro,2.6,26.77,L,-26.77,362.2950000000001
2025-09-30T16:50:31.576161+01:00,1.248356972,2m1f NHF,Sedgefield 30th Sep,2025-09-30 15:37:00+00:00,3,Siouxfonic,2.86,44.18,W,82.17479999999999,444.4698000000001
2025-10-01T13:44:31.286320+01:00,1.248420099,1m Mdn,Bellewstown 1st Oct,2025-10-01 12:38:00+00:00,1,All Told,3.25,8.8,L,-8.8,211.2
2025-10-01T13:57:01.060372+01:00,1.248418590,2m1f Beg Chs,Sligo 1st Oct,2025-10-01 12:50:00+00:00,2,Jalila Moriviere,1.44,24.0,W,10.559999999999999,221.76
2025-10-01T14:14:01.154530+01:00,1.248415085,2m4f Hcap Chs,Warwick 1st Oct,2025-10-01 13:05:00+00:00,1,Got Grey,1.98,8.88,L,-8.88,212.88
2025-10-01T14:26:00.880533+01:00,1.248416055,7f Hcap,Musselburgh 1st Oct,2025-10-01 13:20:00+00:00,2,Jesmond Dawn,4.6,13.32,L,-13.32,199.56
2025-10-01T14:38:00.746726+01:00,1.248414555,5f Nursery,Catterick 1st Oct,2025-10-01 13:33:00+00:00,3,Campenaerts,2.18,22.58,W,26.6444,226.2044
2025-10-01T14:47:31.291916+01:00,1.248415086,2m4f Nov Hcap Chs,Warwick 1st Oct,2025-10-01 13:40:00+00:00,1,Beau Quali,1.53,9.05,W,4.796500000000001,231.0009
2025-10-01T15:00:00.642222+01:00,1.248416048,7f Nursery,Musselburgh 1st Oct,2025-10-01 13:55:00+00:00,1,Lyrical Song,3.2,9.25,L,-9.25,221.7509
2025-10-01T15:18:01.254312+01:00,1.248414549,7f Nov Stks,Catterick 1st Oct,2025-10-01 14:08:00+00:00,2,Real American,2.72,15.27,W,26.264400000000002,248.0153
2025-10-01T15:28:30.869046+01:00,1.248420114,5f Mdn,Bellewstown 1st Oct,2025-10-01 14:23:00+00:00,1,Glory To Be,1.45,9.93,L,-9.93,238.0853
2025-10-01T15:37:00.847124+01:00,1.248416065,1m1f Stks,Musselburgh 1st Oct,2025-10-01 14:30:00+00:00,2,Empirestateofmind,1.38,31.36,W,11.916799999999997,250.00209999999998
2025-10-01T15:52:31.086011+01:00,1.248414561,2m Hcap,Catterick 1st Oct,2025-10-01 14:43:00+00:00,1,Bollin Neil,3.3,10.01,W,23.022999999999996,273.02509999999995
2025-10-02T13:42:30.969010+01:00,1.248478126,1m Nursery,Bellewstown 2nd Oct,2025-10-02 12:35:00+00:00,1,Synners Kid,3.25,8.8,W,19.8,239.8
2025-10-02T14:00:30.712855+01:00,1.248476561,1m Mdn Stks,Nottingham 2nd Oct,2025-10-02 12:55:00+00:00,1,Lady Roisia,1.87,9.6,W,8.352,248.15200000000002
2025-10-02T14:09:31.221070+01:00,1.248478131,1m Mdn,Bellewstown 2nd Oct,2025-10-02 13:05:00+00:00,1,Tswalu,3.2,9.93,W,21.846,269.998
2025-10-02T14:23:30.920285+01:00,1.248477780,2m4f Hrd,Clonmel 2nd Oct,2025-10-02 13:15:00+00:00,1,Spring Meadow,3.35,10.8,L,-10.8,259.198
2025-10-02T14:29:00.614732+01:00,1.248476567,5f Mdn Stks,Nottingham 2nd Oct,2025-10-02 13:25:00+00:00,2,Akirra,2.78,17.82,L,-17.82,241.378
2025-10-02T14:42:00.930595+01:00,1.248478136,1m Hcap,Bellewstown 2nd Oct,2025-10-02 13:35:00+00:00,3,Edergoles Angel,4.3,26.73,W,88.209,329.587
2025-10-02T14:58:30.964481+01:00,1.248477785,2m4f Mdn Hrd,Clonmel 2nd Oct,2025-10-02 13:50:00+00:00,1,Court Canyon,1.7,13.19,W,9.232999999999999,338.82
2025-10-02T15:05:00.655253+01:00,1.248476573,6f Nursery,Nottingham 2nd Oct,2025-10-02 14:00:00+00:00,1,Kesta,4.3,13.56,W,44.748,383.568
2025-10-02T15:17:00.807724+01:00,1.248478141,1m Hcap,Bellewstown 2nd Oct,2025-10-02 14:10:00+00:00,1,Shavasi,2.46,15.35,W,22.410999999999998,405.979
2025-10-02T15:33:00.934248+01:00,1.248477790,2m4f Hcap Hrd,Clonmel 2nd Oct,2025-10-02 14:25:00+00:00,1,Flidais,6.6,16.24,L,-16.24,389.739
2025-10-02T15:48:31.023846+01:00,1.248476398,2m Hcap Hrd,Southwell 2nd Oct,2025-10-02 14:40:00+00:00,2,Nowmelad,2.48,26.8,L,-26.8,362.93899999999996
2025-10-02T15:57:30.838345+01:00,1.248476355,6f Cond Stks,Salisbury 2nd Oct,2025-10-02 14:50:00+00:00,3,Sword Maker,2.32,44.22,W,58.37039999999999,421.3094
2025-10-03T14:04:31.381260+01:00,1.248517612,3m2f Hcap Chs,Fontwell 3rd Oct,2025-10-03 12:53:00+00:00,1,Just A Memory,3.95,8.8,L,-8.8,211.2
2025-10-03T14:21:31.261747+01:00,1.248517858,2m Nov Hrd,Hexham 3rd Oct,2025-10-03 13:10:00+00:00,2,Spadestep,1.49,21.56,W,10.5644,221.7644
2025-10-03T14:37:00.981422+01:00,1.248517617,2m2f Hcap Hrd,Fontwell 3rd Oct,2025-10-03 13:28:00+00:00,1,Jorebel,1.89,8.88,W,7.9032,229.6676
2025-10-03T14:57:31.376369+01:00,1.248517865,2m4f Nov Hcap Hrd,Hexham 3rd Oct,2025-10-03 13:45:00+00:00,1,Slemish,5.0,9.19,L,-9.19,220.4776
2025-10-03T15:11:31.003315+01:00,1.248517624,2m2f Nov Hrd,Fontwell 3rd Oct,2025-10-03 14:03:00+00:00,2,Fresh Perspective,2.18,9.35,W,11.033000000000001,231.5106
2025-10-03T15:28:30.989625+01:00,1.248517871,2m Hcap Hrd,Hexham 3rd Oct,2025-10-03 14:20:00+00:00,1,Double Digits,2.6,9.27,L,-9.27,222.2406
2025-10-03T15:38:00.950707+01:00,1.248517830,1m4f Nov Stks,Ascot 3rd Oct,2025-10-03 14:30:00+00:00,2,Race To The Stars,2.46,15.3,L,-15.3,206.9406
2025-10-03T15:54:00.943122+01:00,1.248522941,2m Hrd,Gowran Park 3rd Oct,2025-10-03 14:46:00+00:00,3,The Great Nudie,2.16,25.42,L,-25.42,181.5206
2025-10-03T16:06:00.865353+01:00,1.248517907,2m Hcap,Southwell 3rd Oct,2025-10-03 15:00:00+00:00,4,New York Minute,3.55,38.13,W,97.2315,278.7521
2025-10-04T13:13:01.032679+01:00,1.248559535,7f Mdn,Curragh 4th Oct,2025-10-04 12:07:00+00:00,1,Causeway,2.8,8.8,W,15.84,235.84
2025-10-04T13:26:01.533887+01:00,1.248552264,7f Listed,Ascot 4th Oct,2025-10-04 12:15:00+00:00,1,Bright Thunder,2.94,9.44,L,-9.44,226.4
2025-10-04T13:39:31.222705+01:00,1.248552216,1m2f Hcap,Newmarket 4th Oct,2025-10-04 12:30:00+00:00,2,Morrophore,3.9,14.16,L,-14.16,212.24
2025-10-04T13:48:00.725778+01:00,1.248559540,7f Mdn,Curragh 4th Oct,2025-10-04 12:42:00+00:00,3,Cameo,2.42,23.37,W,33.1854,245.42540000000002
2025-10-04T13:59:01.075911+01:00,1.248552272,5f Listed,Ascot 4th Oct,2025-10-04 12:50:00+00:00,1,Beautiful Diamond,4.1,9.82,L,-9.82,235.60540000000003
2025-10-04T14:20:31.747805+01:00,1.248552223,7f Stks,Newmarket 4th Oct,2025-10-04 13:05:00+00:00,2,Half Sovereign,5.0,14.73,L,-14.73,220.87540000000004
2025-10-04T14:33:31.018675+01:00,1.248552278,1m4f Grp 3,Ascot 4th Oct,2025-10-04 13:25:00+00:00,3,Hamish,2.88,24.31,L,-24.31,196.56540000000004
2025-10-04T14:48:31.047242+01:00,1.248552231,1m Grp 1,Newmarket 4th Oct,2025-10-04 13:40:00+00:00,4,Cinderellas Dream,2.7,40.12,L,-40.12,156.44540000000003
2025-10-04T15:11:01.277043+01:00,1.248552284,6f Grp 3,Ascot 4th Oct,2025-10-04 14:00:00+00:00,5,Prince Of India,3.9,60.18,L,-60.18,96.26540000000003
2025-10-04T15:26:31.397884+01:00,1.248552238,1m Mdn Stks,Newmarket 4th Oct,2025-10-04 14:15:00+00:00,6,Lyneham,1.82,96.26540000000003,W,78.93762800000003,175.20302800000007
2025-10-04T15:44:31.121702+01:00,1.248552298,7f Hcap,Ascot 4th Oct,2025-10-04 14:35:00+00:00,1,Native Warrior,4.1,7.01,W,21.730999999999998,196.93402800000007
2025-10-04T16:00:31.197902+01:00,1.248552245,1m4f Hcap,Newmarket 4th Oct,2025-10-04 14:50:00+00:00,1,Hot Flame,3.85,7.88,L,-7.88,189.05402800000007
2025-10-04T16:09:00.999275+01:00,1.248559560,1m4f Hcap,Curragh 4th Oct,2025-10-04 15:02:00+00:00,2,Gotta Catchem All,4.5,11.82,L,-11.82,177.23402800000008
2025-10-04T16:23:31.247723+01:00,1.248559842,2m4f Grd2 Chs,Gowran Park 4th Oct,2025-10-04 15:15:00+00:00,3,Western Fold,2.32,19.51,W,25.7532,202.98722800000007
2025-10-04T16:31:31.002218+01:00,1.248552251,7f Mdn Stks,Newmarket 4th Oct,2025-10-04 15:25:00+00:00,1,Castle Rock,1.63,8.12,W,5.115599999999999,208.10282800000007
2025-10-04T16:44:30.659119+01:00,1.248552078,1m Nov Stks,Newcastle 4th Oct,2025-10-04 15:40:00+00:00,1,Sacred Fire,1.35,8.33,W,2.9155000000000006,211.01832800000008
2025-10-04T16:59:31.198414+01:00,1.248559847,2m4f Hcap Chs,Gowran Park 4th Oct,2025-10-04 15:50:00+00:00,1,Boston Rover,2.7,8.45,W,14.365,225.3833280000001
2025-10-04T17:12:01.072406+01:00,1.248552345,1m6f Hcap,Redcar 4th Oct,2025-10-04 16:05:00+00:00,1,The Crafty Mole,3.8,9.02,L,-9.02,216.36332800000008
2025-10-04T17:23:00.966500+01:00,1.248552081,1m2f Hcap,Newcastle 4th Oct,2025-10-04 16:15:00+00:00,2,Advancing,4.2,13.53,L,-13.53,202.83332800000008
2025-10-04T17:52:00.948483+01:00,1.248552088,1m4f Hcap,Newcastle 4th Oct,2025-10-04 16:45:00+00:00,3,Bintazzo,2.82,22.33,L,-22.33,180.50332800000007
2025-10-04T18:08:01.263787+01:00,1.248552374,1m1f Hcap,Wolverhampton 4th Oct,2025-10-04 17:00:00+00:00,4,Ribston Pippin,5.4,33.5,L,-33.5,147.00332800000007
2025-10-04T18:20:30.746313+01:00,1.248552095,6f Mdn Stks,Newcastle 4th Oct,2025-10-04 17:15:00+00:00,5,Hamdas Joy,1.98,95.98,L,-95.98,51.02332800000006
2025-10-04T18:35:30.694415+01:00,1.248552386,1m Hcap,Wolverhampton 4th Oct,2025-10-04 17:30:00+00:00,6,Revelance,1.68,51.02332800000006,L,-51.02332800000006,0.0
2025-10-05T13:48:31.023468+01:00,1.248588135,2m Mdn Hrd,Uttoxeter 5th Oct,2025-10-05 12:40:00+00:00,1,Tiptoptim,3.0,8.8,L,-8.8,211.2
2025-10-05T14:08:01.095103+01:00,1.248588095,2m5f Nov Hrd,Kelso 5th Oct,2025-10-05 12:58:00+00:00,2,Conman John,1.46,22.96,W,10.5616,221.7616
2025-10-05T14:23:30.951139+01:00,1.248588142,2m Mdn Hrd,Uttoxeter 5th Oct,2025-10-05 13:15:00+00:00,1,Fortune De Mer,2.2,8.88,L,-8.88,212.8816
2025-10-05T14:42:01.000006+01:00,1.248588102,2m5f Hcap Hrd,Kelso 5th Oct,2025-10-05 13:33:00+00:00,2,The Navigator,3.2,13.32,W,29.304000000000002,242.1856
2025-10-05T14:58:01.115839+01:00,1.248588148,2m Hcap Chs,Uttoxeter 5th Oct,2025-10-05 13:48:00+00:00,1,Dexter,4.4,9.69,L,-9.69,232.4956
2025-10-05T15:22:01.070259+01:00,1.248588109,2m Nov Hrd,Kelso 5th Oct,2025-10-05 14:13:00+00:00,2,Triple Crown Ted,4.3,14.54,L,-14.54,217.9556
2025-10-05T15:37:01.320867+01:00,1.248588154,2m7f Nov Hrd,Uttoxeter 5th Oct,2025-10-05 14:25:00+00:00,3,Axel Bleue,2.22,23.84,L,-23.84,194.1156
2025-10-05T15:56:31.446249+01:00,1.248588115,3m2f Hcap Chs,Kelso 5th Oct,2025-10-05 14:43:00+00:00,4,Wal Bucks,4.2,35.76,L,-35.76,158.3556
2025-10-05T16:08:31.036900+01:00,1.248588160,2m Chs,Uttoxeter 5th Oct,2025-10-05 15:00:00+00:00,5,Miami Magic,2.02,98.63,L,-98.63,59.725600000000014
2025-10-05T16:27:01.007871+01:00,1.248588121,2m1f Hcap Chs,Kelso 5th Oct,2025-10-05 15:18:00+00:00,6,Malystic,3.65,59.725600000000014,L,-59.725600000000014,0.0
2025-10-06T13:48:31.235698+01:00,1.248630041,1m Mdn,Killarney 6th Oct,2025-10-06 12:38:00+00:00,1,Alphecca,3.75,8.8,W,24.200000000000003,244.2
2025-10-06T14:05:00.839341+01:00,1.248627422,6f Nursery,Pontefract 6th Oct,2025-10-06 12:58:00+00:00,1,Sporting Light,5.1,9.77,L,-9.77,234.42999999999998
2025-10-06T14:21:30.994848+01:00,1.248630046,1m Mdn,Killarney 6th Oct,2025-10-06 13:13:00+00:00,2,Lady Lilac,1.24,48.85,W,11.724,246.15399999999997
2025-10-06T14:51:01.300365+01:00,1.248627273,2m6f Hcap Chs,Stratford 6th Oct,2025-10-06 13:40:00+00:00,1,Just Chasing May,1.39,9.85,W,3.841499999999999,249.99549999999996
2025-10-06T15:04:31.329343+01:00,1.248627471,7f Nursery,Yarmouth 6th Oct,2025-10-06 13:55:00+00:00,1,Inclusive,5.2,10.0,L,-10.0,239.99549999999996
2025-10-06T15:14:00.697269+01:00,1.248627435,1m2f Nov Stks,Pontefract 6th Oct,2025-10-06 14:08:00+00:00,2,Hell Yeah He Did,1.96,12.5,L,-12.5,227.49549999999996
2025-10-06T15:30:00.821634+01:00,1.248630056,1m Hcap,Killarney 6th Oct,2025-10-06 14:23:00+00:00,3,Starting Monday,5.9,18.75,L,-18.75,208.74549999999996
2025-10-06T15:56:30.808782+01:00,1.248627306,2m Nov Hrd,Stratford 6th Oct,2025-10-06 14:50:00+00:00,4,Mr Mcloughlan,3.0,28.13,W,56.26,265.0055
2025-10-06T16:03:30.759366+01:00,1.248630062,1m3f Mdn,Killarney 6th Oct,2025-10-06 14:58:00+00:00,1,Forthill,2.76,10.61,L,-10.61,254.39549999999997
2025-10-06T16:11:30.799058+01:00,1.248627484,1m Nov Stks,Yarmouth 6th Oct,2025-10-06 15:05:00+00:00,2,Bellas Path,3.45,15.92,L,-15.92,238.47549999999998
2025-10-06T16:25:31.189098+01:00,1.248627447,1m Hcap,Pontefract 6th Oct,2025-10-06 15:15:00+00:00,3,Kokanee,4.5,23.88,L,-23.88,214.5955
2025-10-06T16:39:00.768639+01:00,1.248630067,1m3f App Hcap,Killarney 6th Oct,2025-10-06 15:33:00+00:00,4,Chica Guerrera,3.55,35.82,L,-35.82,178.7755
2025-10-06T17:02:01.308059+01:00,1.248627453,2m2f Hcap,Pontefract 6th Oct,2025-10-06 15:50:00+00:00,5,Action Pact,2.9,59.11,W,112.309,291.0845
2025-10-06T17:14:30.841676+01:00,1.248630072,1m3f Mdn,Killarney 6th Oct,2025-10-06 16:08:00+00:00,1,Seo Linn,1.41,11.65,W,4.7764999999999995,295.861
2025-10-06T17:35:30.775177+01:00,1.248627525,5f Nursery,Wolverhampton 6th Oct,2025-10-06 16:30:00+00:00,1,Dark Mandate,3.9,11.84,L,-11.84,284.021
2025-10-06T18:06:30.872510+01:00,1.248627530,7f Nov Stks,Wolverhampton 6th Oct,2025-10-06 17:00:00+00:00,2,On Message,2.1,12.92,W,14.212000000000002,298.233
2025-10-06T18:35:00.743535+01:00,1.248627537,7f Hcap,Wolverhampton 6th Oct,2025-10-06 17:30:00+00:00,1,Blue Empress,4.6,11.93,L,-11.93,286.303
2025-10-06T19:07:00.879365+01:00,1.248627544,7f Hcap,Wolverhampton 6th Oct,2025-10-06 18:00:00+00:00,2,Homme De Fer,4.6,17.9,L,-17.9,268.403
2025-10-06T19:39:01.111783+01:00,1.248627551,1m4f Hcap,Wolverhampton 6th Oct,2025-10-06 18:30:00+00:00,3,Venezuelan,3.35,26.85,L,-26.85,241.55300000000003
2025-10-06T20:08:01.082869+01:00,1.248627557,2m Hcap,Wolverhampton 6th Oct,2025-10-06 19:00:00+00:00,4,Sneaky Blinder,2.9,44.31,L,-44.31,197.24300000000002
2025-10-06T20:37:30.957746+01:00,1.248627563,1m Hcap,Wolverhampton 6th Oct,2025-10-06 19:30:00+00:00,5,Strobelight,3.25,66.47,L,-66.47,130.77300000000002
2025-10-07T14:11:01.418410+01:00,1.248667237,7f Hcap,Leicester 7th Oct,2025-10-07 13:00:00+00:00,1,Wrydcroft,5.8,8.8,W,42.24,262.24
2025-10-07T14:29:01.084678+01:00,1.248669337,2m Mdn Hrd,Galway 7th Oct,2025-10-07 13:20:00+00:00,1,Welonlyhavedone,1.22,10.49,W,2.3078,264.5478
2025-10-07T14:46:01.065791+01:00,1.248666682,2m3f Mdn Hrd,Huntingdon 7th Oct,2025-10-07 13:37:00+00:00,1,Crystal Spring,2.08,10.59,W,11.4372,275.985
2025-10-07T14:59:01.094620+01:00,1.248669342,2m Hcap Hrd,Galway 7th Oct,2025-10-07 13:50:00+00:00,1,Torquay Road,5.1,11.04,W,45.263999999999996,321.249
2025-10-07T15:13:30.872203+01:00,1.248666689,2m3f Hcap Hrd,Huntingdon 7th Oct,2025-10-07 14:07:00+00:00,1,Jack Hoola,3.95,12.85,W,37.9075,359.15650000000005
2025-10-07T15:31:31.264023+01:00,1.248669349,2m6f Nov Hcap Hrd,Galway 7th Oct,2025-10-07 14:20:00+00:00,1,Sporting Glance,4.1,14.37,L,-14.37,344.78650000000005
2025-10-07T15:45:30.979160+01:00,1.248666695,2m4f Hcap Chs,Huntingdon 7th Oct,2025-10-07 14:37:00+00:00,2,Jackpot Cash,2.46,23.72,L,-23.72,321.0665
2025-10-07T16:01:01.267280+01:00,1.248669355,2m6f Hcap Hrd,Galway 7th Oct,2025-10-07 14:50:00+00:00,3,Kilashee,3.2,35.58,W,78.276,399.34250000000003
2025-10-07T16:17:01.143365+01:00,1.248666701,2m7f Nov Hcap Chs,Huntingdon 7th Oct,2025-10-07 15:07:00+00:00,1,Lyness Dancer,2.74,15.98,L,-15.98,383.3625
2025-10-07T16:29:01.003354+01:00,1.248669360,2m2f Beg Chs,Galway 7th Oct,2025-10-07 15:20:00+00:00,2,Will The Wise,2.46,26.37,L,-26.37,356.9925
2025-10-07T16:45:30.984317+01:00,1.248666708,3m1f Hcap Hrd,Huntingdon 7th Oct,2025-10-07 15:37:00+00:00,3,Casting Aspersions,3.65,39.56,L,-39.56,317.4325
2025-10-07T16:59:01.043444+01:00,1.248669367,2m2f Hcap Chs,Galway 7th Oct,2025-10-07 15:50:00+00:00,4,Inthenickoftime,3.5,59.34,W,148.35000000000002,465.7825
2025-10-07T17:10:31.041101+01:00,1.248667279,1m4f Hcap,Leicester 7th Oct,2025-10-07 16:02:00+00:00,1,Warrant Holder,2.74,18.64,L,-18.64,447.14250000000004
2025-10-07T17:28:00.941359+01:00,1.248669373,2m INHF,Galway 7th Oct,2025-10-07 16:20:00+00:00,2,Zeus Power,3.6,27.96,L,-27.96,419.18250000000006
2025-10-07T18:07:30.945780+01:00,1.248667042,7f Hcap,Southwell 7th Oct,2025-10-07 17:00:00+00:00,3,Noel Fox,3.4,41.94,L,-41.94,377.24250000000006
2025-10-07T19:37:30.971425+01:00,1.248667169,1m6f Hcap,Southwell 7th Oct,2025-10-07 18:30:00+00:00,4,Universal Story,1.77,137.99,L,-137.99,239.25250000000005
2025-10-07T20:05:00.672551+01:00,1.248667175,1m3f Hcap,Southwell 7th Oct,2025-10-07 19:00:00+00:00,5,Mr Nugget,2.52,227.69,L,-227.69,11.562500000000057
2025-10-07T20:35:00.776078+01:00,1.248667182,1m Hcap,Southwell 7th Oct,2025-10-07 19:30:00+00:00,6,Fire Eyes,2.92,11.562500000000057,L,-11.562500000000057,0.0
2025-10-08T13:36:31.064024+01:00,1.248707116,5f Nov Stks,Nottingham 8th Oct,2025-10-08 12:28:00+00:00,1,Hello Its Me,2.94,8.8,L,-8.8,211.2
2025-10-08T13:57:30.732404+01:00,1.248707752,6f Mdn,Navan 8th Oct,2025-10-08 12:52:00+00:00,2,White Smoke,2.06,9.97,L,-9.97,201.23
2025-10-08T14:22:30.846381+01:00,1.248707076,2m1f Mdn Hrd,Sedgefield 8th Oct,2025-10-08 13:15:00+00:00,3,Jamada,1.36,62.57,L,-62.57,138.66
2025-10-08T14:35:00.857801+01:00,1.248707122,1m Nov Stks,Nottingham 8th Oct,2025-10-08 13:28:00+00:00,4,High Storm,3.35,93.86,L,-93.86,44.8
2025-10-08T14:55:31.189328+01:00,1.248707082,3m2f Hcap Chs,Sedgefield 8th Oct,2025-10-08 13:45:00+00:00,5,Pescatorius,2.12,187.72,W,210.24640000000002,255.0464
2025-10-08T15:04:30.858020+01:00,1.248707135,1m2f Nursery,Nottingham 8th Oct,2025-10-08 13:58:00+00:00,1,Sea The Power,3.85,10.21,L,-10.21,244.8364
2025-10-08T15:25:01.148516+01:00,1.248707089,2m4f Hcap Hrd,Sedgefield 8th Oct,2025-10-08 14:15:00+00:00,2,Dickens,2.44,16.85,L,-16.85,227.9864
2025-10-08T15:35:00.810729+01:00,1.248707226,1m Hcap,Nottingham 8th Oct,2025-10-08 14:28:00+00:00,3,Transparent,5.4,25.28,L,-25.28,202.7064
2025-10-08T15:53:00.979969+01:00,1.248707095,2m Hcap Chs,Sedgefield 8th Oct,2025-10-08 14:45:00+00:00,4,Obsessedwithyou,1.58,108.29,W,62.808200000000014,265.51460000000003
2025-10-08T16:10:31.462129+01:00,1.248707257,1m Hcap,Nottingham 8th Oct,2025-10-08 14:58:00+00:00,1,Love Beach,6.6,10.63,L,-10.63,254.88460000000003
2025-10-08T16:22:30.977206+01:00,1.248707101,2m1f Hcap Hrd,Sedgefield 8th Oct,2025-10-08 15:15:00+00:00,2,Captain Cool,2.9,17.54,W,33.32599999999999,288.2106
2025-10-08T16:29:00.681708+01:00,1.248707777,1m Hcap,Navan 8th Oct,2025-10-08 15:24:00+00:00,1,Um Wadi,2.88,11.53,L,-11.53,276.6806
2025-10-08T16:43:01.010597+01:00,1.248707407,1m4f Hcap,Kempton 8th Oct,2025-10-08 15:35:00+00:00,2,Seventy,3.3,17.3,L,-17.3,259.3806
2025-10-08T17:02:31.361062+01:00,1.248707109,2m1f Stks,Sedgefield 8th Oct,2025-10-08 15:50:00+00:00,3,Opale De Maine,2.22,28.36,W,34.5992,293.9798
2025-10-08T17:16:31.088056+01:00,1.248707422,7f Mdn Stks,Kempton 8th Oct,2025-10-08 16:07:00+00:00,1,Siren Suit,1.6,11.76,W,7.056000000000001,301.0358
2025-10-08T17:33:30.855324+01:00,1.248707787,1m2f Hcap,Navan 8th Oct,2025-10-08 16:27:00+00:00,1,Launch Time,4.5,12.05,L,-12.05,288.9858
2025-10-08T17:47:00.925881+01:00,1.248707429,7f Mdn Stks,Kempton 8th Oct,2025-10-08 16:40:00+00:00,2,Title Role,1.43,33.63,W,14.460899999999999,303.44669999999996
2025-10-08T18:16:30.824297+01:00,1.248707436,6f Nursery,Kempton 8th Oct,2025-10-08 17:10:00+00:00,1,Angel Of Anfield,4.4,12.14,L,-12.14,291.3067
2025-10-08T19:20:31.274473+01:00,1.248707443,1m Hcap,Kempton 8th Oct,2025-10-08 18:10:00+00:00,2,Bear Island,3.3,18.21,L,-18.21,273.0967
2025-10-08T19:48:31.058847+01:00,1.248707458,7f Hcap,Kempton 8th Oct,2025-10-08 18:40:00+00:00,3,One More,5.7,27.32,L,-27.32,245.7767
2025-10-08T20:16:30.859720+01:00,1.248707465,7f Hcap,Kempton 8th Oct,2025-10-08 19:10:00+00:00,4,Knight Of India,4.2,40.98,L,-40.98,204.79670000000002
2025-10-09T13:32:31.300909+01:00,1.248749629,2m1f Hcap,Bath 9th Oct,2025-10-09 12:23:00+00:00,1,Rupert The Prince,3.45,8.8,W,21.560000000000002,241.56
2025-10-09T13:46:30.822489+01:00,1.248749442,1m2f Hcap,Ayr 9th Oct,2025-10-09 12:40:00+00:00,1,Tee Aitch Aye,3.25,9.67,L,-9.67,231.89000000000001
2025-10-09T14:00:00.687836+01:00,1.248749635,5f Nov Stks,Bath 9th Oct,2025-10-09 12:55:00+00:00,2,Visually,2.64,15.96,W,26.174400000000002,258.06440000000003
2025-10-09T14:13:31.026852+01:00,1.248751355,2m Mdn Hrd,Tramore 9th Oct,2025-10-09 13:05:00+00:00,1,Maxicourt,2.88,10.33,L,-10.33,247.73440000000002
2025-10-09T14:21:00.718061+01:00,1.248749431,1m Nov Stks,Ayr 9th Oct,2025-10-09 13:15:00+00:00,2,Northern Brave,1.33,37.57,W,12.398100000000003,260.13250000000005
2025-10-09T14:39:31.128563+01:00,1.248749642,1m6f Listed,Bath 9th Oct,2025-10-09 13:30:00+00:00,1,Term Of Endearment,2.76,10.41,W,18.321599999999997,278.45410000000004
2025-10-09T14:57:30.881307+01:00,1.248749435,7f Hcap,Ayr 9th Oct,2025-10-09 13:50:00+00:00,1,Ahamoment,2.46,11.14,W,16.264400000000002,294.71850000000006
2025-10-09T15:14:01.039767+01:00,1.248749649,1m Nov Stks,Bath 9th Oct,2025-10-09 14:05:00+00:00,1,Hard To Believe,2.94,11.79,W,22.8726,317.59110000000004
2025-10-09T15:37:30.910401+01:00,1.248751335,1m4f Hcap,Thurles 9th Oct,2025-10-09 14:30:00+00:00,1,Tickling,3.8,12.71,W,35.588,353.17910000000006
2025-10-09T15:49:01.108591+01:00,1.248749696,1m Nov Stks,Bath 9th Oct,2025-10-09 14:40:00+00:00,1,The Wicked Wolf,4.8,14.13,W,53.694,406.8731000000001
2025-10-09T16:02:30.876235+01:00,1.248749455,7f Hcap,Ayr 9th Oct,2025-10-09 14:55:00+00:00,1,Dwindling Funds,3.05,16.28,W,33.374,440.2471000000001
2025-10-09T16:10:00.661123+01:00,1.248751340,1m4f Hcap,Thurles 9th Oct,2025-10-09 15:05:00+00:00,1,Angelo Pio,4.1,17.61,L,-17.61,422.6371000000001
2025-10-09T16:22:31.200078+01:00,1.248749703,1m2f Hcap,Bath 9th Oct,2025-10-09 15:12:00+00:00,2,Arcturus Flame,3.5,26.42,L,-26.42,396.2171000000001
2025-10-09T16:34:31.103687+01:00,1.248751375,1m7f Hcap Chs,Tramore 9th Oct,2025-10-09 15:25:00+00:00,3,May Call You Back,3.0,39.63,W,79.26,475.47710000000006
2025-10-09T16:47:30.912749+01:00,1.248751345,2m Mdn,Thurles 9th Oct,2025-10-09 15:40:00+00:00,1,Dream On Baby,2.74,19.02,L,-19.02,456.4571000000001
2025-10-09T17:04:31.118240+01:00,1.248749609,1m4f Hcap,Newcastle 9th Oct,2025-10-09 15:55:00+00:00,2,Relocal,3.4,28.53,L,-28.53,427.9271000000001
2025-10-09T17:14:30.695830+01:00,1.248750006,5f Nursery,Chelmsford City 9th Oct,2025-10-09 16:10:00+00:00,3,Dark Angel Star,5.3,42.8,L,-42.8,385.1271000000001
2025-10-09T17:36:00.761138+01:00,1.248749573,7f Nov Stks,Newcastle 9th Oct,2025-10-09 16:30:00+00:00,4,Morning Rose,2.44,70.62,W,101.6928,486.8199000000001
2025-10-09T18:04:30.666191+01:00,1.248749567,6f Mdn Stks,Newcastle 9th Oct,2025-10-09 17:00:00+00:00,1,Zoiros,1.97,19.48,L,-19.48,467.33990000000006
2025-10-09T18:30:01.684948+01:00,1.248750012,1m2f Nov Stks,Chelmsford City 9th Oct,2025-10-09 17:15:00+00:00,2,Valedictory,1.44,53.13,W,23.3772,490.7171000000001
2025-10-09T18:57:31.397954+01:00,1.248750025,7f Hcap,Chelmsford City 9th Oct,2025-10-09 17:45:00+00:00,1,Rascal Recknell,3.95,19.63,L,-19.63,471.0871000000001
2025-10-09T19:24:31.070307+01:00,1.248750032,7f Hcap,Chelmsford City 9th Oct,2025-10-09 18:15:00+00:00,2,Noble Victory,4.3,29.45,L,-29.45,441.6371000000001
2025-10-09T19:54:01.107521+01:00,1.248750039,1m Hcap,Chelmsford City 9th Oct,2025-10-09 18:45:00+00:00,3,Sahana,5.7,44.18,L,-44.18,397.4571000000001
2025-10-09T20:21:00.812933+01:00,1.248750046,1m Hcap,Chelmsford City 9th Oct,2025-10-09 19:15:00+00:00,4,Cinderella Man,3.05,66.27,W,135.85349999999997,533.3106
2025-10-09T20:36:00.753650+01:00,1.248749622,1m Hcap,Newcastle 9th Oct,2025-10-09 19:30:00+00:00,1,Second Fiddle,2.26,21.34,W,26.888399999999994,560.1990000000001
2025-10-10T13:26:31.397645+01:00,1.248800771,5f Grp 3,Newmarket 10th Oct,2025-10-10 12:15:00+00:00,1,Brussels,2.62,8.8,L,-8.8,211.2
2025-10-10T13:40:01.513277+01:00,1.248801236,1m Hcap,York 10th Oct,2025-10-10 12:30:00+00:00,2,Whip Cracker,6.6,13.2,L,-13.2,198.0
2025-10-10T13:56:30.769846+01:00,1.248800782,7f Grp 3,Newmarket 10th Oct,2025-10-10 12:50:00+00:00,3,Calendar Girl,2.42,21.78,W,30.9276,228.9276
2025-10-10T14:13:01.075241+01:00,1.248801245,7f Stks,York 10th Oct,2025-10-10 13:05:00+00:00,1,Ghost Mode,3.1,9.16,L,-9.16,219.76760000000002
2025-10-10T14:31:30.872468+01:00,1.248800776,7f Grp 2,Newmarket 10th Oct,2025-10-10 13:25:00+00:00,2,Cosmic Year,3.35,13.74,L,-13.74,206.0276
2025-10-10T14:46:31.006352+01:00,1.248801252,1m2f Hcap,York 10th Oct,2025-10-10 13:40:00+00:00,3,Hornsea Bay,4.2,20.61,L,-20.61,185.4176
2025-10-10T14:55:00.904704+01:00,1.248801687,2m1f Nov Hcap Hrd,Downpatrick 10th Oct,2025-10-10 13:48:00+00:00,4,Derry Lad,2.46,34.01,L,-34.01,151.4076
2025-10-10T15:04:31.072791+01:00,1.248800789,1m Grp 1,Newmarket 10th Oct,2025-10-10 13:57:00+00:00,5,Precise,3.05,51.02,W,104.591,255.9986
2025-10-10T15:24:00.760973+01:00,1.248801259,6f Nov Stks,York 10th Oct,2025-10-10 14:18:00+00:00,1,Thaluna,1.86,10.24,W,8.806400000000002,264.805
2025-10-10T15:41:31.481928+01:00,1.248800795,1m4f Hcap,Newmarket 10th Oct,2025-10-10 14:30:00+00:00,1,Respond,3.95,10.6,L,-10.6,254.205
2025-10-10T15:57:01.133943+01:00,1.248801266,5f Nursery,York 10th Oct,2025-10-10 14:50:00+00:00,2,Sands Of Spain,5.1,15.9,L,-15.9,238.305
2025-10-10T16:12:31.114123+01:00,1.248800961,6f Nov Stks,Kempton 10th Oct,2025-10-10 15:05:00+00:00,3,Tarot,1.88,36.14,W,31.803199999999997,270.1082
2025-10-10T16:40:01.669761+01:00,1.248801702,2m6f Hcap Hrd,Downpatrick 10th Oct,2025-10-10 15:30:00+00:00,1,Hitthehayson,4.1,10.81,W,33.510999999999996,303.6192
2025-10-10T16:54:01.072469+01:00,1.248800808,1m2f Grp 3,Newmarket 10th Oct,2025-10-10 15:45:00+00:00,1,Falakeyah,2.86,12.15,L,-12.15,291.4692
2025-10-10T17:07:00.898548+01:00,1.248801282,7f Hcap,York 10th Oct,2025-10-10 16:00:00+00:00,2,Daring Legend,10.0,18.23,L,-18.23,273.2392
2025-10-10T17:24:31.105103+01:00,1.248801083,1m Hcap,Kempton 10th Oct,2025-10-10 16:15:00+00:00,3,Little She,3.8,27.35,L,-27.35,245.8892
2025-10-10T17:45:30.963857+01:00,1.248801712,2m7f Hcap Chs,Downpatrick 10th Oct,2025-10-10 16:37:00+00:00,4,Small Town Hero,1.71,97.58,W,69.28179999999999,315.171
2025-10-10T18:12:01.361564+01:00,1.248801652,7f Mdn,Dundalk 10th Oct,2025-10-10 17:00:00+00:00,1,Sovereign Cry,5.2,12.61,L,-12.61,302.561
2025-10-10T18:24:31.090569+01:00,1.248801095,1m Nov Stks,Kempton 10th Oct,2025-10-10 17:15:00+00:00,2,Sunshine Star,2.7,20.81,L,-20.81,281.751
2025-10-10T18:38:01.029687+01:00,1.248801657,7f Hcap,Dundalk 10th Oct,2025-10-10 17:30:00+00:00,3,Sierra De Gredos,4.6,31.22,L,-31.22,250.53099999999998
2025-10-10T18:56:01.216559+01:00,1.248801102,1m Hcap,Kempton 10th Oct,2025-10-10 17:45:00+00:00,4,Absolute Star,5.2,46.83,W,196.686,447.217
2025-10-10T19:11:01.293684+01:00,1.248801662,7f Listed Stks,Dundalk 10th Oct,2025-10-10 18:00:00+00:00,1,Andab,2.22,17.89,W,21.825800000000005,469.0428
2025-10-10T19:24:31.137675+01:00,1.248801109,1m4f Hcap,Kempton 10th Oct,2025-10-10 18:15:00+00:00,1,Pride Of Donegal,2.66,18.77,W,31.1582,500.201
2025-10-10T19:36:30.839685+01:00,1.248801667,1m Hcap,Dundalk 10th Oct,2025-10-10 18:30:00+00:00,1,Instant Appeal,6.2,20.01,L,-20.01,480.19100000000003
2025-10-10T19:55:01.298356+01:00,1.248801223,1m4f Hcap,Kempton 10th Oct,2025-10-10 18:45:00+00:00,2,John T,4.8,30.02,W,114.076,594.267
2025-10-10T20:08:01.164503+01:00,1.248801672,1m2f App Hcap,Dundalk 10th Oct,2025-10-10 19:00:00+00:00,1,Sarmiento Power,4.8,23.78,L,-23.78,570.4870000000001
2025-10-10T20:24:31.145585+01:00,1.248801229,7f Hcap,Kempton 10th Oct,2025-10-10 19:15:00+00:00,2,Savvy Exchange,3.5,35.67,L,-35.67,534.8170000000001
2025-10-10T20:44:01.566948+01:00,1.248801677,1m4f Hcap,Dundalk 10th Oct,2025-10-10 19:30:00+00:00,3,Titanium Emperor,2.74,58.86,L,-58.86,475.9570000000001
2025-10-11T13:21:01.288969+01:00,1.248853828,1m1f Grp 3,Newmarket 11th Oct,2025-10-11 12:15:00+00:00,1,Damysus,3.15,8.8,W,18.92,238.92000000000002
2025-10-11T13:37:01.200970+01:00,1.248854102,6f Listed Stks,York 11th Oct,2025-10-11 12:30:00+00:00,1,Division,4.1,9.56,W,29.636,268.55600000000004
2025-10-11T13:57:01.165065+01:00,1.248853841,1m2f Grp 3,Newmarket 11th Oct,2025-10-11 12:50:00+00:00,1,Pierre Bonnard,3.85,10.75,W,30.6375,299.19350000000003
2025-10-11T14:12:31.204477+01:00,1.248854118,1m2f Hcap,York 11th Oct,2025-10-11 13:05:00+00:00,1,Erzindjan,4.1,11.97,L,-11.97,287.2235
2025-10-11T14:32:01.246067+01:00,1.248853834,1m Grp 3,Newmarket 11th Oct,2025-10-11 13:25:00+00:00,2,Hankelow,4.2,17.96,W,57.47200000000001,344.69550000000004
2025-10-11T14:46:01.080614+01:00,1.248854112,1m Nursery,York 11th Oct,2025-10-11 13:40:00+00:00,1,Hes Waliim,2.5,13.79,L,-13.79,330.9055
2025-10-11T14:59:31.272393+01:00,1.248854614,2m Hcap Hrd,Fairyhouse 11th Oct,2025-10-11 13:52:00+00:00,2,Pauls Dream,4.7,20.69,W,76.55300000000001,407.4585
2025-10-11T15:13:01.220701+01:00,1.248853798,2m4f Mdn Hrd,Hexham 11th Oct,2025-10-11 14:05:00+00:00,1,Pismo Beach,1.46,16.3,W,7.497999999999999,414.9565
2025-10-11T15:36:01.520262+01:00,1.248854619,3m Hcap Chs,Fairyhouse 11th Oct,2025-10-11 14:27:00+00:00,1,Midnight Moonshine,4.2,16.6,L,-16.6,398.3565
2025-10-11T15:56:01.651631+01:00,1.248853804,2m4f Nov Hcap Chs,Hexham 11th Oct,2025-10-11 14:45:00+00:00,2,Florida Dreams,3.15,24.9,L,-24.9,373.4565
2025-10-11T16:14:01.492731+01:00,1.248854624,2m4f Mdn Hrd,Fairyhouse 11th Oct,2025-10-11 15:05:00+00:00,3,High Notions,2.5,41.09,W,61.635000000000005,435.0915
2025-10-11T16:28:31.388569+01:00,1.248853810,2m7f Hcap Hrd Stks,Hexham 11th Oct,2025-10-11 15:20:00+00:00,1,Roger Pol,2.22,17.41,W,21.240200000000005,456.3317
2025-10-11T16:49:31.457750+01:00,1.248854629,2m Hcap Hrd,Fairyhouse 11th Oct,2025-10-11 15:40:00+00:00,1,Farrokh,4.7,18.26,L,-18.26,438.0717
2025-10-11T17:05:01.473947+01:00,1.248853816,3m Hcap Chs,Hexham 11th Oct,2025-10-11 15:55:00+00:00,2,Foxs Fancy,3.5,27.39,L,-27.39,410.68170000000003
2025-10-11T17:23:01.382212+01:00,1.248854634,2m INHF,Fairyhouse 11th Oct,2025-10-11 16:15:00+00:00,3,Minella Jury,1.71,77.16,L,-77.16,333.5217
2025-10-11T17:36:01.067203+01:00,1.248854713,7f Hcap,Naas 11th Oct,2025-10-11 16:30:00+00:00,4,Rowdy Yeats,5.7,115.74,L,-115.74,217.7817
2025-10-11T17:57:31.328930+01:00,1.248853911,6f Nov Stks,Wolverhampton 11th Oct,2025-10-11 16:50:00+00:00,5,Cryingintherain,1.73,392.14,L,-392.14,-174.35829999999999
2025-10-12T13:20:01.751414+01:00,1.248899375,2m1f Hrd,Cork 12th Oct,2025-10-12 12:10:00+00:00,1,Out of Aces,3.85,8.8,L,-8.8,211.2
2025-10-12T13:52:31.496889+01:00,1.248899380,1m7f Mdn Hrd,Cork 12th Oct,2025-10-12 12:42:00+00:00,2,Bridezilla,3.7,13.2,L,-13.2,198.0
2025-10-12T14:03:31.067415+01:00,1.248899339,6f Mdn,Naas 12th Oct,2025-10-12 13:00:00+00:00,3,Strike Zone,2.44,21.78,L,-21.78,176.22
2025-10-12T14:25:01.367612+01:00,1.248899385,2m2f Hcap Hrd,Cork 12th Oct,2025-10-12 13:17:00+00:00,4,Tea It Is,6.0,32.67,L,-32.67,143.55
2025-10-12T14:41:01.118812+01:00,1.248899344,7f Stks,Naas 12th Oct,2025-10-12 13:35:00+00:00,5,Madbadanddangerous,4.4,49.01,L,-49.01,94.54000000000002
2025-10-12T15:01:31.364218+01:00,1.248899390,2m4f Mdn Hrd,Cork 12th Oct,2025-10-12 13:52:00+00:00,6,Kevins Pride,2.14,94.54000000000002,W,107.77560000000004,202.31560000000007
2025-10-12T15:18:31.368646+01:00,1.248899349,1m Listed Stks,Naas 12th Oct,2025-10-12 14:10:00+00:00,1,Swelter,2.42,8.1,L,-8.1,194.21560000000008
2025-10-12T15:36:01.610457+01:00,1.248899395,3m Nov Hrd,Cork 12th Oct,2025-10-12 14:27:00+00:00,2,St Lawrences Well,2.74,13.37,L,-13.37,180.84560000000008
2025-10-12T15:51:31.183342+01:00,1.248899354,1m4f Listed,Naas 12th Oct,2025-10-12 14:45:00+00:00,3,Its A Heartbeat,4.8,20.06,L,-20.06,160.78560000000007
2025-10-12T16:10:01.350677+01:00,1.248899400,2m1f Nov Chs,Cork 12th Oct,2025-10-12 15:02:00+00:00,4,Kazakh Darthel,1.97,51.38,W,49.8386,210.6242000000001
2025-10-12T16:30:31.766191+01:00,1.248899359,2m Hcap,Naas 12th Oct,2025-10-12 15:20:00+00:00,1,Saratoga,3.25,8.43,L,-8.43,202.19420000000008
2025-10-12T16:48:01.670794+01:00,1.248899405,2m1f Hcap Chs,Cork 12th Oct,2025-10-12 15:37:00+00:00,2,Luminous Light,3.45,12.65,L,-12.65,189.54420000000007
2025-10-12T17:02:31.314505+01:00,1.248899364,1m2f App Hcap,Naas 12th Oct,2025-10-12 15:55:00+00:00,3,Calzaghi,4.3,18.98,L,-18.98,170.56420000000008
2025-10-12T17:21:31.514961+01:00,1.248899410,2m3f INHF,Cork 12th Oct,2025-10-12 16:12:00+00:00,4,Carrigmoorna Beech,2.12,42.93,L,-42.93,127.63420000000008
2025-10-12T17:37:31.295407+01:00,1.248899369,1m2f Hcap,Naas 12th Oct,2025-10-12 16:30:00+00:00,5,So Golden,6.0,64.4,L,-64.4,63.23420000000007
2025-10-13T13:58:31.398921+01:00,1.248928679,1m1f Hcap,Musselburgh 13th Oct,2025-10-13 12:52:00+00:00,1,Triple Force,1.87,8.8,W,7.6560000000000015,227.656
2025-10-13T14:11:01.184920+01:00,1.248932749,7f Mdn,Roscommon 13th Oct,2025-10-13 13:05:00+00:00,1,Millraceflow,3.45,9.11,W,22.3195,249.9755
2025-10-13T14:26:01.161534+01:00,1.248928686,7f Stks,Musselburgh 13th Oct,2025-10-13 13:22:00+00:00,1,Real Man,3.35,10.0,L,-10.0,239.9755
2025-10-13T14:41:31.158253+01:00,1.248932754,7f Hcap,Roscommon 13th Oct,2025-10-13 13:35:00+00:00,2,Fast Tara,6.2,15.0,L,-15.0,224.9755
2025-10-13T15:06:01.175963+01:00,1.248928518,6f Nov Stks,Yarmouth 13th Oct,2025-10-13 14:00:00+00:00,3,Smiley Face,2.3,24.75,L,-24.75,200.2255
2025-10-13T15:23:01.649145+01:00,1.248928586,2m5f Hcap Chs,Hereford 13th Oct,2025-10-13 14:12:00+00:00,4,Jimmyjeroo,3.3,37.13,L,-37.13,163.09550000000002
2025-10-13T15:41:31.230323+01:00,1.248932764,1m2f Mdn,Roscommon 13th Oct,2025-10-13 14:35:00+00:00,5,Mocking,2.12,93.09,W,104.26080000000002,267.35630000000003
2025-10-13T15:58:01.169531+01:00,1.248928706,7f Hcap,Musselburgh 13th Oct,2025-10-13 14:52:00+00:00,1,Jannas Journey,3.55,10.7,L,-10.7,256.65630000000004
2025-10-13T16:11:01.266758+01:00,1.248932769,1m2f Cond Stks,Roscommon 13th Oct,2025-10-13 15:05:00+00:00,2,Glenroyal,1.78,16.47,W,12.846599999999999,269.50290000000007
2025-10-13T16:27:31.240535+01:00,1.248928713,7f Hcap,Musselburgh 13th Oct,2025-10-13 15:22:00+00:00,1,Carolus Magnus,3.55,10.79,W,27.514499999999995,297.01740000000007
2025-10-13T16:43:31.460155+01:00,1.248932774,1m4f Hcap,Roscommon 13th Oct,2025-10-13 15:35:00+00:00,1,Coul Dreamer,4.4,11.89,L,-11.89,285.1274000000001
2025-10-13T17:03:01.390849+01:00,1.248928720,7f Hcap,Musselburgh 13th Oct,2025-10-13 15:55:00+00:00,2,Alpine Sierra,4.1,17.84,L,-17.84,267.2874000000001
2025-10-13T17:19:01.452755+01:00,1.248928631,1m Nov Stks,Kempton 13th Oct,2025-10-13 16:10:00+00:00,3,Lizzana,3.2,26.76,W,58.87200000000001,326.1594000000001
2025-10-13T17:47:31.324539+01:00,1.248928638,7f Nov Stks,Kempton 13th Oct,2025-10-13 16:40:00+00:00,1,Fort Rock,3.55,13.05,W,33.277499999999996,359.4369000000001
2025-10-13T18:18:01.431880+01:00,1.248928645,7f Mdn Stks,Kempton 13th Oct,2025-10-13 17:10:00+00:00,1,Welljudged,2.38,14.38,L,-14.38,345.0569000000001
2025-10-13T19:16:01.206778+01:00,1.248928659,1m3f Hcap,Kempton 13th Oct,2025-10-13 18:10:00+00:00,2,Sportingsilvermine,2.26,23.73,L,-23.73,321.3269000000001
2025-10-13T19:47:31.349306+01:00,1.248928666,1m3f Hcap,Kempton 13th Oct,2025-10-13 18:40:00+00:00,3,Sir William,4.5,35.6,L,-35.6,285.72690000000006
2025-10-13T20:20:31.751182+01:00,1.248928673,1m3f Hcap,Kempton 13th Oct,2025-10-13 19:10:00+00:00,4,Jet Black,4.3,53.4,L,-53.4,232.32690000000005
2025-10-14T13:40:31.730146+01:00,1.248980757,1m4f Hcap,Lingfield 14th Oct,2025-10-14 12:30:00+00:00,1,Jack Langley,5.4,80.0,W,352.0,2352.0
2025-10-14T13:58:31.313221+01:00,1.248980329,2m Mdn Hrd,Market Rasen 14th Oct,2025-10-14 12:51:00+00:00,1,Un Sens A La Vie,1.36,94.08,W,33.86880000000001,2385.8688
2025-10-14T14:12:01.186125+01:00,1.248983208,2m Cond Hrd,Punchestown 14th Oct,2025-10-14 13:05:00+00:00,1,Cinammon Coco,2.18,95.44,L,-95.44,2290.4288
2025-10-14T14:34:01.784108+01:00,1.248980423,2m4f Nov Hrd,Market Rasen 14th Oct,2025-10-14 13:21:00+00:00,2,Country Park,1.95,120.56,L,-120.56,2169.8688
2025-10-14T14:49:31.151234+01:00,1.248980710,6f Nov Stks,Leicester 14th Oct,2025-10-14 13:44:00+00:00,3,Figjam,1.74,350.28,W,259.2072,2429.076
2025-10-14T15:06:31.200902+01:00,1.248980779,7f Nursery,Lingfield 14th Oct,2025-10-14 14:00:00+00:00,1,Kilkenny Warrior,3.6,97.17,W,252.64200000000002,2681.718
2025-10-14T15:18:01.017901+01:00,1.248980716,7f Stks,Leicester 14th Oct,2025-10-14 14:14:00+00:00,1,Good Banter,3.4,107.27,L,-107.27,2574.448
2025-10-14T15:40:31.570951+01:00,1.248980787,1m Hcap,Lingfield 14th Oct,2025-10-14 14:30:00+00:00,2,Indian Spirit,4.0,160.91,L,-160.91,2413.538
2025-10-14T16:02:31.858455+01:00,1.248980440,2m5f Hcap Chs,Market Rasen 14th Oct,2025-10-14 14:51:00+00:00,3,Nickelforce,3.9,241.37,L,-241.37,2172.168
2025-10-14T16:20:31.286766+01:00,1.248980730,1m Hcap,Leicester 14th Oct,2025-10-14 15:14:00+00:00,4,Susie Sioux,3.05,362.06,W,742.223,2914.391
2025-10-14T16:35:01.100977+01:00,1.248980799,6f Nov Stks,Lingfield 14th Oct,2025-10-14 15:31:00+00:00,1,Spitzbergen,1.53,116.58,W,61.787400000000005,2976.1784000000002
2025-10-14T16:53:01.517965+01:00,1.248980738,7f Hcap,Leicester 14th Oct,2025-10-14 15:44:00+00:00,1,Arctic Thunder,7.4,119.05,L,-119.05,2857.1284
2025-10-14T17:17:01.165257+01:00,1.248983238,2m NHF,Punchestown 14th Oct,2025-10-14 16:10:00+00:00,2,Easter Bonnet,1.59,242.14,W,142.86260000000001,2999.991
2025-10-14T17:32:01.266229+01:00,1.248980648,1m2f Hcap,Newcastle 14th Oct,2025-10-14 16:25:00+00:00,1,Jack Sparowe,3.7,120.0,L,-120.0,2879.991
2025-10-14T18:06:01.252179+01:00,1.248980655,5f Mdn Stks,Newcastle 14th Oct,2025-10-14 17:00:00+00:00,2,Starmade,2.54,198.0,W,304.92,3184.911
2025-10-14T18:39:01.554883+01:00,1.248980662,6f Nursery,Newcastle 14th Oct,2025-10-14 17:30:00+00:00,1,Somebody,4.4,127.4,L,-127.4,3057.511
2025-10-14T18:54:04.536210+01:00,1.248983059,7f Mdn,Dundalk 14th Oct,2025-10-14 17:45:00+00:00,2,Ocean Manifest,6.2,191.1,L,-191.1,2866.411
2025-10-14T19:20:31.134077+01:00,1.248983064,7f Hcap,Dundalk 14th Oct,2025-10-14 18:15:00+00:00,3,Empress Artemis,4.5,286.65,L,-286.65,2579.761
2025-10-14T19:37:31.328154+01:00,1.248980675,1m Hcap,Newcastle 14th Oct,2025-10-14 18:30:00+00:00,4,Medway Queen,2.86,472.98,L,-472.98,2106.781
2025-10-14T19:51:01.267705+01:00,1.248983069,1m Hcap,Dundalk 14th Oct,2025-10-14 18:45:00+00:00,5,Johnnys Oasis,4.3,709.47,W,2341.2509999999997,4448.031999999999
2025-10-15T13:42:31.584195+01:00,1.249022348,1m Mdn Stks,Nottingham 15th Oct,2025-10-15 12:35:00+00:00,1,Goodwood Mogul,3.8,80.0,L,-80.0,1920.0
2025-10-15T14:04:01.457120+01:00,1.249030988,2m Mdn Hrd,Punchestown 15th Oct,2025-10-15 12:55:00+00:00,2,Vitorio Piel,1.78,123.08,L,-123.08,1796.92
2025-10-15T14:23:31.597310+01:00,1.249022227,2m Hrd,Wetherby 15th Oct,2025-10-15 13:13:00+00:00,3,Anaconda,1.76,320.66,L,-320.66,1476.26
2025-10-15T14:39:01.510221+01:00,1.249030993,2m Hcap Hrd,Punchestown 15th Oct,2025-10-15 13:30:00+00:00,4,Galileo Springs,4.9,480.99,L,-480.99,995.27
2025-10-15T14:57:01.458264+01:00,1.249022233,1m7f Hcap Chs,Wetherby 15th Oct,2025-10-15 13:48:00+00:00,5,Primoz,2.04,1159.31,L,-1159.31,-164.03999999999996
2025-10-16T13:09:31.629235+01:00,1.249068941,2m4f Mdn Hrd,Ffos Las 16th Oct,2025-10-16 12:00:00+00:00,1,Fairlawn Skipper,1.61,80.0,L,-80.0,1920.0
2025-10-16T13:21:31.228874+01:00,1.249073428,1m Mdn,Curragh 16th Oct,2025-10-16 12:15:00+00:00,2,Ardad Ned,2.62,132.0,L,-132.0,1788.0
2025-10-16T13:41:01.550320+01:00,1.249068943,3m4f Hcap Chs,Ffos Las 16th Oct,2025-10-16 12:30:00+00:00,3,Another Lord,1.57,446.32,L,-446.32,1341.68
2025-10-16T13:55:31.201759+01:00,1.249073433,6f Mdn,Curragh 16th Oct,2025-10-16 12:50:00+00:00,4,Starred,1.74,1067.55,L,-1067.55,274.1300000000001
2025-10-16T14:15:01.575469+01:00,1.249068959,3m Nov Hcap Chs,Ffos Las 16th Oct,2025-10-16 13:05:00+00:00,5,Mini Fortune,3.05,1601.33,W,3282.7264999999998,3556.8565
2025-10-16T14:49:31.540841+01:00,1.249068966,2m4f Hcap Hrd,Ffos Las 16th Oct,2025-10-16 13:40:00+00:00,1,Order Of The Dance,3.35,142.28,W,334.358,3891.2145
2025-10-16T15:22:01.363123+01:00,1.249068972,2m Mdn Hrd,Ffos Las 16th Oct,2025-10-16 14:15:00+00:00,1,At The Oche,1.31,155.65,W,48.25150000000001,3939.466
2025-10-16T15:41:01.112703+01:00,1.249073448,1m2f Hcap,Curragh 16th Oct,2025-10-16 14:35:00+00:00,1,Retracement,3.1,157.58,W,330.91800000000006,4270.384
2025-10-16T16:00:01.550532+01:00,1.249068978,2m Hcap Hrd,Ffos Las 16th Oct,2025-10-16 14:50:00+00:00,1,Gavin,2.98,170.82,L,-170.82,4099.564
2025-10-16T16:17:31.455925+01:00,1.249073453,1m4f Mdn,Curragh 16th Oct,2025-10-16 15:10:00+00:00,2,Appeared,2.46,281.86,W,411.5156,4511.0796
2025-10-16T16:36:01.513639+01:00,1.249073413,2m6f Hrd,Thurles 16th Oct,2025-10-16 15:27:00+00:00,1,Hewick,1.61,180.45,W,110.07450000000001,4621.1541
2025-10-16T16:55:01.541818+01:00,1.249073458,1m6f Hcap,Curragh 16th Oct,2025-10-16 15:45:00+00:00,1,Lady Kai,5.3,184.85,L,-184.85,4436.304099999999
2025-10-16T17:33:32.111855+01:00,1.249073463,7f Hcap,Curragh 16th Oct,2025-10-16 16:20:00+00:00,2,Skippinandajumpin,3.75,277.28,L,-277.28,4159.0241
2025-10-16T18:06:01.228333+01:00,1.249069297,6f Nov Stks,Southwell 16th Oct,2025-10-16 17:00:00+00:00,3,Rogue Citation,1.64,866.5,W,554.56,4713.5841
2025-10-16T18:22:31.369215+01:00,1.249069407,7f Hcap,Chelmsford City 16th Oct,2025-10-16 17:15:00+00:00,1,Kitaro Kich,3.5,188.55,L,-188.55,4525.0341
2025-10-16T18:36:01.172516+01:00,1.249069305,1m Hcap,Southwell 16th Oct,2025-10-16 17:30:00+00:00,2,Purple Rainbow,3.1,282.83,L,-282.83,4242.2041
2025-10-16T18:50:01.062694+01:00,1.249069414,7f Hcap,Chelmsford City 16th Oct,2025-10-16 17:45:00+00:00,3,Saidha,6.8,424.25,L,-424.25,3817.9541
2025-10-16T19:07:01.688964+01:00,1.249069318,1m Hcap,Southwell 16th Oct,2025-10-16 18:00:00+00:00,4,Jazz Scene,4.0,636.38,W,1909.1399999999999,5727.0941
2025-10-16T19:21:01.217392+01:00,1.249069423,7f Hcap,Chelmsford City 16th Oct,2025-10-16 18:15:00+00:00,1,Woroodd,4.2,200.0,L,-200.0,5527.0941
2025-10-16T19:52:31.423902+01:00,1.249069436,1m Hcap,Chelmsford City 16th Oct,2025-10-16 18:45:00+00:00,2,My Boy Harry,3.4,300.0,L,-300.0,5227.0941
2025-10-16T20:08:31.671443+01:00,1.249069347,1m6f Hcap,Southwell 16th Oct,2025-10-16 19:00:00+00:00,3,Belaya River,3.55,450.0,L,-450.0,4777.0941
2025-10-16T20:23:01.603938+01:00,1.249069452,1m2f Hcap,Chelmsford City 16th Oct,2025-10-16 19:15:00+00:00,4,Wyld Bill,2.88,742.5,W,1395.8999999999999,6172.9941
2025-10-17T13:31:33.141529+01:00,1.249131661,6f Nov Stks,Redcar 17th Oct,2025-10-17 12:10:00+00:00,1,Night Mission,1.47,80.0,L,-80.0,1920.0
2025-10-17T13:48:01.541250+01:00,1.249131668,5f Nursery,Redcar 17th Oct,2025-10-17 12:40:00+00:00,2,Regal Dream,3.05,120.0,L,-120.0,1800.0
2025-10-17T14:02:31.388154+01:00,1.249131616,1m6f Hcap,Haydock 17th Oct,2025-10-17 12:55:00+00:00,3,Contacto,4.3,180.0,L,-180.0,1620.0
2025-10-17T14:19:31.300497+01:00,1.249131675,1m Nov Stks,Redcar 17th Oct,2025-10-17 13:15:00+00:00,4,Beyond The Bar,1.78,584.62,W,456.0036,2076.0036
2025-10-17T14:35:01.147940+01:00,1.249131623,1m Nov Stks,Haydock 17th Oct,2025-10-17 13:30:00+00:00,1,Accredit,1.16,83.05,W,13.287999999999993,2089.2916
2025-10-17T15:07:32.107705+01:00,1.249131590,3m Hcap Chs,Uttoxeter 17th Oct,2025-10-17 13:57:00+00:00,1,Mikhailovich,2.96,83.58,L,-83.58,2005.7116
2025-10-17T15:24:31.733237+01:00,1.249131551,2m Nov Hrd,Fakenham 17th Oct,2025-10-17 14:15:00+00:00,2,Sixpack,1.95,105.58,L,-105.58,1900.1316000000002
2025-10-17T15:40:31.511396+01:00,1.249131583,2m4f Hcap Hrd,Uttoxeter 17th Oct,2025-10-17 14:32:00+00:00,3,Into The Park,4.2,158.37,L,-158.37,1741.7616000000003
2025-10-17T15:59:01.397856+01:00,1.249131562,2m4f Mdn Hrd,Fakenham 17th Oct,2025-10-17 14:50:00+00:00,4,Blue Universe,2.24,336.32,L,-336.32,1405.4416000000003
2025-10-17T16:14:31.517766+01:00,1.249131602,2m Hcap Chs,Uttoxeter 17th Oct,2025-10-17 15:07:00+00:00,5,Mister Cessna,3.05,504.48,W,1034.184,2439.6256000000003
2025-10-17T16:36:01.972024+01:00,1.249131557,2m5f Hcap Chs,Fakenham 17th Oct,2025-10-17 15:25:00+00:00,1,Shadows In The Sky,3.5,97.59,L,-97.59,2342.0356
2025-10-17T16:53:31.527467+01:00,1.249133176,1m2f Claim Stks,Dundalk 17th Oct,2025-10-17 15:45:00+00:00,2,Benavente,4.1,146.39,L,-146.39,2195.6456000000003
2025-10-17T17:09:01.487692+01:00,1.249131567,2m4f Nov Hcap Hrd,Fakenham 17th Oct,2025-10-17 16:00:00+00:00,3,Carlton,2.12,261.41,L,-261.41,1934.2356000000002
2025-10-17T17:21:31.363860+01:00,1.249133181,1m2f Hcap,Dundalk 17th Oct,2025-10-17 16:15:00+00:00,4,Faro Island,3.95,392.12,L,-392.12,1542.1156
2025-10-17T17:37:01.201961+01:00,1.249131723,1m4f Hcap,Newcastle 17th Oct,2025-10-17 16:30:00+00:00,5,Big Win,4.0,588.18,L,-588.18,953.9356000000001
2025-10-17T17:50:01.014496+01:00,1.249133186,1m2f Hcap,Dundalk 17th Oct,2025-10-17 16:45:00+00:00,6,Star Harbour,2.62,953.9356000000001,L,-953.9356000000001,0.0
2025-10-18T10:38:01.562685+01:00,1.249166546,1m6f Hcap,Catterick 18th Oct,2025-10-18 09:30:00+00:00,1,Bollin Neil,3.1,80.0,W,168.0,2168.0
2025-10-18T11:06:01.369190+01:00,1.249166553,7f Mdn Stks,Catterick 18th Oct,2025-10-18 10:00:00+00:00,1,Sierra Sands,2.52,86.72,W,131.8144,2299.8144
2025-10-18T11:33:01.048729+01:00,1.249166560,6f Nov Stks,Catterick 18th Oct,2025-10-18 10:28:00+00:00,1,Secret Sonata,3.0,92.0,W,184.0,2483.8144
2025-10-18T12:03:01.333765+01:00,1.249166567,1m4f Hcap,Catterick 18th Oct,2025-10-18 10:56:00+00:00,1,Thosewerethedays,3.7,99.36,L,-99.36,2384.4544
2025-10-18T12:30:31.571914+01:00,1.249166574,7f Hcap,Catterick 18th Oct,2025-10-18 11:23:00+00:00,2,Vince Le Prince,6.0,149.04,L,-149.04,2235.4144
2025-10-18T12:55:31.329467+01:00,1.249166581,7f Hcap,Catterick 18th Oct,2025-10-18 11:50:00+00:00,3,U Sure Do,5.7,223.56,W,1050.732,3286.1464
2025-10-18T13:25:31.786142+01:00,1.249166498,2m Hcap Hrd,Stratford 18th Oct,2025-10-18 12:15:00+00:00,1,Electric Eddy,2.8,131.45,L,-131.45,3154.6964000000003
2025-10-18T13:54:31.393246+01:00,1.249171875,2m Mdn Hrd,Limerick 18th Oct,2025-10-18 12:45:00+00:00,2,Touch The Moon,2.4,216.9,L,-216.9,2937.7964
2025-10-18T14:14:31.451049+01:00,1.249166704,6f Grp 1,Ascot 18th Oct,2025-10-18 13:05:00+00:00,3,Lazzat,3.25,325.35,L,-325.35,2612.4464000000003
2025-10-18T14:29:01.369104+01:00,1.249171880,2m3f Mdn Hrd,Limerick 18th Oct,2025-10-18 13:20:00+00:00,4,We Be Grand,2.08,748.56,L,-748.56,1863.8864000000003
2025-10-18T14:46:01.187792+01:00,1.249167250,1m Mdn,Leopardstown 18th Oct,2025-10-18 13:40:00+00:00,5,Zia Zabel,3.15,1122.84,L,-1122.84,741.0464000000004
2025-10-18T15:06:31.882393+01:00,1.249166462,3m2f Hcap Chs,Newton Abbot 18th Oct,2025-10-18 13:54:00+00:00,6,Lock Out,4.1,741.0464000000004,L,-741.0464000000004,0.0
2025-10-19T13:54:31.530730+01:00,1.249201460,2m Nov Hcap Hrd,Kempton 19th Oct,2025-10-19 12:46:00+00:00,1,As Fast As Wind,4.4,80.0,W,272.0,2272.0
2025-10-19T14:08:01.305853+01:00,1.249201211,2m1f Mdn Hrd,Sedgefield 19th Oct,2025-10-19 13:00:00+00:00,1,Tree Top Tyson,1.5,90.88,W,45.44,2317.44
2025-10-19T14:24:31.375040+01:00,1.249201466,2m2f Nov Hcap Chs,Kempton 19th Oct,2025-10-19 13:16:00+00:00,1,Bluey,2.0,92.7,W,92.7,2410.14
2025-10-19T14:40:01.437709+01:00,1.249201213,2m5f Hcap Chs,Sedgefield 19th Oct,2025-10-19 13:30:00+00:00,1,Couldbeaweapon,2.1,96.41,W,106.051,2516.191
2025-10-19T14:57:01.678223+01:00,1.249201472,2m Hrd,Kempton 19th Oct,2025-10-19 13:46:00+00:00,1,One Horse Town,1.26,100.65,W,26.169000000000004,2542.3599999999997
2025-10-19T15:16:31.584452+01:00,1.249203489,2m3f Hcap Hrd,Limerick 19th Oct,2025-10-19 14:07:00+00:00,1,Tir Og,5.2,101.7,L,-101.7,2440.66
2025-10-19T15:32:01.340841+01:00,1.249203458,1m2f Listed Stks,Leopardstown 19th Oct,2025-10-19 14:26:00+00:00,2,Shaool,3.9,152.55,W,442.39500000000004,2883.055
2025-10-19T15:50:01.615653+01:00,1.249203494,3m Hcap Hrd,Limerick 19th Oct,2025-10-19 14:40:00+00:00,1,Zolpharine,4.3,115.33,L,-115.33,2767.725
2025-10-19T16:08:31.406656+01:00,1.249203463,1m2f Hcap,Leopardstown 19th Oct,2025-10-19 15:00:00+00:00,2,Katashuna,7.0,173.0,L,-173.0,2594.725
2025-10-19T16:26:31.739482+01:00,1.249203499,3m Hcap Chs,Limerick 19th Oct,2025-10-19 15:15:00+00:00,3,Boston Rover,7.2,259.5,L,-259.5,2335.225
2025-10-19T17:02:33.531797+01:00,1.249203468,1m4f Hcap,Leopardstown 19th Oct,2025-10-19 15:35:00+00:00,4,Retracement,5.8,389.25,L,-389.25,1945.975
2025-10-19T17:16:01.218603+01:00,1.249203473,7f Hcap,Leopardstown 19th Oct,2025-10-19 16:10:00+00:00,5,Skippinandajumpin,2.66,642.27,W,1066.1682,3012.1432
2025-10-19T17:32:01.587012+01:00,1.249203509,2m3f Beg Chs,Limerick 19th Oct,2025-10-19 16:22:00+00:00,1,July Flower,1.62,120.49,W,74.70380000000002,3086.847
2025-10-20T13:57:01.770226+01:00,1.249248856,7f Nursery,Gowran Park 20th Oct,2025-10-20 12:49:00+00:00,1,Mr Tony,4.1,80.0,W,247.99999999999997,2248.0
2025-10-20T14:12:31.758139+01:00,1.249247288,6f Mdn Stks,Pontefract 20th Oct,2025-10-20 13:03:00+00:00,1,Dream More,3.8,89.92,L,-89.92,2158.08
2025-10-20T14:27:01.505281+01:00,1.249248862,7f Hcap,Gowran Park 20th Oct,2025-10-20 13:19:00+00:00,2,Men Of Honour,7.2,134.88,L,-134.88,2023.1999999999998
2025-10-20T14:41:31.562260+01:00,1.249247295,1m Nursery,Pontefract 20th Oct,2025-10-20 13:33:00+00:00,3,Ohara,4.4,202.32,W,687.888,2711.088
2025-10-20T15:01:31.909507+01:00,1.249248867,1m Mdn,Gowran Park 20th Oct,2025-10-20 13:49:00+00:00,1,White Sand Beach,3.05,108.45,L,-108.45,2602.6400000000003
2025-10-20T15:17:31.367353+01:00,1.249247263,2m Hcap Hrd,Plumpton 20th Oct,2025-10-20 14:10:00+00:00,2,Superstylin,2.8,178.95,L,-178.95,2423.69
2025-10-20T15:31:31.344610+01:00,1.249247415,5f Nursery,Bath 20th Oct,2025-10-20 14:25:00+00:00,3,Double Naughty,3.15,268.43,L,-268.43,2155.26
2025-10-20T15:49:01.623140+01:00,1.249247258,2m4f Hcap Chs,Plumpton 20th Oct,2025-10-20 14:40:00+00:00,4,Juggernaut,2.94,442.91,L,-442.91,1712.3500000000001
2025-10-20T16:10:31.585431+01:00,1.249247313,2m2f Stks,Pontefract 20th Oct,2025-10-20 15:03:00+00:00,5,Divine Comedy,1.21,5707.09,W,1198.4888999999998,2910.8388999999997
2025-10-20T16:45:03.697818+01:00,1.249248885,1m Hcap,Gowran Park 20th Oct,2025-10-20 15:19:00+00:00,1,Simpsons Paradox,6.6,116.44,L,-116.44,2794.4
2025-10-20T17:02:31.359755+01:00,1.249247335,7f Hcap,Wolverhampton 20th Oct,2025-10-20 15:55:00+00:00,2,Diligent Henry,3.7,174.66,L,-174.66,2619.7400000000002
2025-10-20T17:27:31.708317+01:00,1.249247280,3m1f Hcap Hrd,Plumpton 20th Oct,2025-10-20 16:17:00+00:00,3,Princesse Milania,3.75,261.99,W,720.4725000000001,3340.2124999999996
2025-10-20T17:43:31.534131+01:00,1.249247444,1m Hcap,Bath 20th Oct,2025-10-20 16:35:00+00:00,1,Gladiadora,3.05,133.61,L,-133.61,3206.6
2025-10-20T18:05:31.294837+01:00,1.249247347,5f Nov Stks,Wolverhampton 20th Oct,2025-10-20 17:00:00+00:00,2,Visually,1.51,314.38,L,-314.38,2892.22
2025-10-20T18:36:01.432854+01:00,1.249247354,6f Mdn Stks,Wolverhampton 20th Oct,2025-10-20 17:30:00+00:00,3,Return Of The Gods,2.48,518.73,W,767.7204,3659.9404
2025-10-20T19:06:31.234604+01:00,1.249247361,1m6f Hcap,Wolverhampton 20th Oct,2025-10-20 18:00:00+00:00,1,Trojan Truth,2.9,146.4,L,-146.4,3513.54
2025-10-20T20:05:31.505327+01:00,1.249247377,1m Hcap,Wolverhampton 20th Oct,2025-10-20 19:00:00+00:00,2,Suzuka,4.0,219.6,W,658.8,4172.34
2025-10-21T13:23:31.809960+01:00,1.249300255,2m Mdn Hrd,Perth 21st Oct,2025-10-21 12:15:00+00:00,1,Centurions Sister,3.9,80.0,L,-80.0,1920.0
2025-10-21T13:48:01.895590+01:00,1.249300162,2m2f Mdn Hrd,Exeter 21st Oct,2025-10-21 12:40:00+00:00,2,Oakley,3.0,120.0,L,-120.0,1800.0
2025-10-21T14:05:01.283606+01:00,1.249300442,5f Nov Stks,Yarmouth 21st Oct,2025-10-21 13:00:00+00:00,3,Atticum,2.34,198.0,W,265.32,2065.32
2025-10-21T14:23:01.317465+01:00,1.249300169,2m1f Nov Hcap Hrd,Exeter 21st Oct,2025-10-21 13:15:00+00:00,1,Guillaume,4.6,82.62,L,-82.62,1982.7000000000003
2025-10-21T14:40:01.214924+01:00,1.249300447,1m Mdn Stks,Yarmouth 21st Oct,2025-10-21 13:35:00+00:00,2,Ottoman Empress,1.86,115.29,W,99.14940000000001,2081.8494
2025-10-21T14:59:01.530416+01:00,1.249300175,2m7f Hcap Hrd,Exeter 21st Oct,2025-10-21 13:50:00+00:00,1,Ballintubber Boy,2.16,83.28,L,-83.28,1998.57
2025-10-21T15:17:01.517274+01:00,1.249300454,7f Hcap,Yarmouth 21st Oct,2025-10-21 14:10:00+00:00,2,Pietro,6.6,124.92,L,-124.92,1873.6499999999999
2025-10-21T15:35:31.627323+01:00,1.249300185,2m5f Mdn Hrd,Exeter 21st Oct,2025-10-21 14:25:00+00:00,3,Voodoo Angel,2.86,206.12,L,-206.12,1667.5300000000002
2025-10-21T16:00:01.519486+01:00,1.249303411,1m4f Mdn,Curragh 21st Oct,2025-10-21 14:52:00+00:00,4,Edge Of Seventeen,3.8,309.18,L,-309.18,1358.35
2025-10-21T16:19:31.546685+01:00,1.249300289,2m4f Hcap Hrd,Perth 21st Oct,2025-10-21 15:10:00+00:00,5,Kap Boy,2.38,510.15,W,704.007,2062.357
2025-10-21T16:33:01.424118+01:00,1.249303416,1m4f Stks,Curragh 21st Oct,2025-10-21 15:25:00+00:00,1,Sirius,4.8,82.5,W,313.5,2375.86
2025-10-21T16:49:31.663700+01:00,1.249300303,2m4f Hcap Hrd,Perth 21st Oct,2025-10-21 15:40:00+00:00,1,Diamond Geezer,2.44,95.04,W,136.8576,2512.7176
2025-10-21T17:01:31.348506+01:00,1.249300473,1m2f Hcap,Yarmouth 21st Oct,2025-10-21 15:55:00+00:00,1,Shipshape,5.0,100.51,L,-100.51,2412.2099999999996
2025-10-21T17:26:31.877427+01:00,1.249300297,3m Hcap Hrd,Perth 21st Oct,2025-10-21 16:15:00+00:00,2,Spit Spot,3.65,150.77,W,399.5405,2811.7505
2025-10-21T17:42:31.359242+01:00,1.249303426,1m Hcap,Curragh 21st Oct,2025-10-21 16:35:00+00:00,1,Ohmali,6.4,112.47,L,-112.47,2699.28
2025-10-21T18:05:01.286848+01:00,1.249300213,1m Nov Stks,Newcastle 21st Oct,2025-10-21 17:00:00+00:00,2,Harriet Quimby,1.97,139.14,L,-139.14,2560.1400000000003
2025-10-21T19:05:01.473683+01:00,1.249300226,1m Hcap,Newcastle 21st Oct,2025-10-21 18:00:00+00:00,3,Terrapin,2.38,229.59,L,-229.59,2330.5499999999997
2025-10-22T13:10:31.918313+01:00,1.249360458,2m4f Beg Chs,Worcester 22nd Oct,2025-10-22 12:00:00+00:00,1,Wendigo,2.12,80.0,L,-80.0,1920.0
2025-10-22T13:39:01.599841+01:00,1.249360474,2m Hcap Chs,Worcester 22nd Oct,2025-10-22 12:30:00+00:00,2,Escapeandevade,4.6,120.0,L,-120.0,1800.0
2025-10-22T13:53:31.305227+01:00,1.249359435,7f Nov Stks,Newmarket 22nd Oct,2025-10-22 12:48:00+00:00,3,Reem Rak,6.0,180.0,L,-180.0,1620.0
2025-10-22T14:07:31.627324+01:00,1.249360522,2m NHF,Worcester 22nd Oct,2025-10-22 13:00:00+00:00,4,Legendary Luke,4.8,270.0,L,-270.0,1350.0
2025-10-22T14:29:01.246060+01:00,1.249359452,7f Nov Stks,Newmarket 22nd Oct,2025-10-22 13:23:00+00:00,5,Eklleem,4.0,405.0,L,-405.0,945.0
2025-10-22T14:43:31.441454+01:00,1.249360623,2m Nov Hrd,Worcester 22nd Oct,2025-10-22 13:35:00+00:00,6,Heron In The Park,1.55,945.0,L,-945.0,0.0
2025-10-23T13:37:31.672344+01:00,1.249405198,1m Nov Stks,Nottingham 23rd Oct,2025-10-23 12:30:00+00:00,1,Bridge Of Eagles,3.9,80.0,L,-80.0,1920.0
2025-10-23T13:55:01.697705+01:00,1.249404781,2m3f Mdn Hrd,Fontwell 23rd Oct,2025-10-23 12:45:00+00:00,2,Maldini Milano,2.72,132.0,L,-132.0,1788.0
2025-10-23T14:16:01.596660+01:00,1.249404834,3m Hcap Chs,Ludlow 23rd Oct,2025-10-23 13:07:00+00:00,3,Kits Coty,2.94,217.8,W,422.532,2210.532
2025-10-23T14:31:01.525766+01:00,1.249407089,2m1f Mdn Hrd,Clonmel 23rd Oct,2025-10-23 13:22:00+00:00,1,Irish Panther,1.25,88.43,W,22.1075,2232.6375000000003
2025-10-23T14:48:31.792536+01:00,1.249404839,2m5f Nov Hrd,Ludlow 23rd Oct,2025-10-23 13:37:00+00:00,1,Celestron Star,1.64,89.31,L,-89.31,2143.33
2025-10-23T15:10:01.625501+01:00,1.249405249,2m2f Hcap,Nottingham 23rd Oct,2025-10-23 14:00:00+00:00,2,Ashdown Forest,3.7,133.97,L,-133.97,2009.36
2025-10-23T15:33:01.893498+01:00,1.249407099,2m4f Mdn Hrd,Clonmel 23rd Oct,2025-10-23 14:22:00+00:00,3,Music Of Life,2.76,221.06,L,-221.06,1788.3
2025-10-23T15:55:01.833141+01:00,1.249404806,2m3f Hcap Hrd,Fontwell 23rd Oct,2025-10-23 14:45:00+00:00,4,Georges Lad,4.1,331.59,L,-331.59,1456.71
2025-10-23T16:38:34.201366+01:00,1.249404854,2m5f Hcap Hrd,Ludlow 23rd Oct,2025-10-23 15:07:00+00:00,5,Matchadam,3.85,497.39,L,-497.39,959.32
2025-10-23T16:50:31.560445+01:00,1.249404730,6f Nov Stks,Chelmsford City 23rd Oct,2025-10-23 15:45:00+00:00,6,Zoiros,2.64,959.32,L,-959.32,0.0
2025-10-24T13:17:01.933737+01:00,1.249449649,2m Hcap,Newbury 24th Oct,2025-10-24 12:06:00+00:00,1,Yellow Star,4.0,80.0,L,-80.0,1920.0
2025-10-24T13:51:31.733796+01:00,1.249449656,6f Mdn Stks,Newbury 24th Oct,2025-10-24 12:41:00+00:00,2,Needle Match,2.96,132.0,W,258.71999999999997,2178.72
2025-10-24T14:08:31.541120+01:00,1.249450444,2m1f Mdn Hrd,Sligo 24th Oct,2025-10-24 13:00:00+00:00,1,Mahon Falls,1.89,87.15,L,-87.15,2091.5699999999997
2025-10-24T14:25:31.670164+01:00,1.249449663,6f Mdn Stks,Newbury 24th Oct,2025-10-24 13:16:00+00:00,2,Shipbourne,1.92,113.68,W,104.5856,2196.1556
2025-10-24T14:42:01.275096+01:00,1.249450449,2m1f Hrd,Sligo 24th Oct,2025-10-24 13:35:00+00:00,1,Sixandahalf,1.46,87.85,L,-87.85,2108.31
2025-10-24T15:01:31.676265+01:00,1.249449670,1m4f Hcap,Newbury 24th Oct,2025-10-24 13:51:00+00:00,2,Miller Spirit,4.4,131.78,L,-131.78,1976.53
2025-10-24T15:18:01.431109+01:00,1.249450454,2m1f Hcap Hrd,Sligo 24th Oct,2025-10-24 14:10:00+00:00,3,Jaadil,4.0,197.67,L,-197.67,1778.86
2025-10-24T15:34:31.642788+01:00,1.249449677,1m2f Hcap,Newbury 24th Oct,2025-10-24 14:26:00+00:00,4,Day Of Grace,2.36,326.16,W,443.5776,2222.4375999999997
2025-10-24T15:54:31.553944+01:00,1.249450459,2m4f Mdn Hrd,Sligo 24th Oct,2025-10-24 14:45:00+00:00,1,Are You Around,2.72,88.9,L,-88.9,2133.54
2025-10-24T16:11:31.704076+01:00,1.249449684,1m Nov Stks,Newbury 24th Oct,2025-10-24 15:01:00+00:00,2,Bnaider,4.9,133.35,L,-133.35,2000.19
2025-10-24T16:30:01.937210+01:00,1.249450464,2m4f Hcap Hrd,Sligo 24th Oct,2025-10-24 15:20:00+00:00,3,Tropical Image,5.7,200.03,L,-200.03,1800.16
2025-10-24T16:57:32.089554+01:00,1.249449750,3m1f Hcap Chs,Cheltenham 24th Oct,2025-10-24 15:45:00+00:00,4,Smugglers Haven,7.2,300.05,W,1860.3100000000002,3660.4700000000003
2025-10-24T17:10:01.362556+01:00,1.249449642,1m2f Hcap,Doncaster 24th Oct,2025-10-24 16:03:00+00:00,1,Tele Red,3.5,146.42,L,-146.42,3514.0499999999997
2025-10-24T17:25:31.162595+01:00,1.249449772,6f Nov Stks,Southwell 24th Oct,2025-10-24 16:20:00+00:00,2,Monarchs Gold,1.32,549.08,W,175.70560000000006,3689.7556000000004
2025-10-24T17:52:31.491210+01:00,1.249450484,7f Hcap,Dundalk 24th Oct,2025-10-24 16:45:00+00:00,1,Imperial Dream,6.2,147.6,L,-147.6,3542.1600000000003
2025-10-24T18:36:01.425248+01:00,1.249449785,1m4f Hcap,Southwell 24th Oct,2025-10-24 17:30:00+00:00,2,Belle Amie,7.4,221.4,L,-221.4,3320.7599999999998
2025-10-24T18:52:01.699356+01:00,1.249450494,5f Nursery,Dundalk 24th Oct,2025-10-24 17:45:00+00:00,3,Rosie Frith,3.65,332.1,W,880.065,4200.825000000001
2025-10-24T19:07:01.632328+01:00,1.249449792,1m Hcap,Southwell 24th Oct,2025-10-24 18:00:00+00:00,1,Aim For The Bull,4.1,168.04,L,-168.04,4032.79
2025-10-24T19:21:31.436230+01:00,1.249450499,5f Grp 3,Dundalk 24th Oct,2025-10-24 18:15:00+00:00,2,West Acre,4.4,252.06,L,-252.06,3780.73
2025-10-24T19:34:31.422183+01:00,1.249449798,1m Hcap,Southwell 24th Oct,2025-10-24 18:30:00+00:00,3,Latin,2.84,415.9,L,-415.9,3364.83
2025-10-24T19:52:31.575120+01:00,1.249450504,1m Mdn,Dundalk 24th Oct,2025-10-24 18:45:00+00:00,4,Timber Frame,4.2,623.85,L,-623.85,2740.98
2025-10-24T20:06:01.315126+01:00,1.249449804,7f Hcap,Southwell 24th Oct,2025-10-24 19:00:00+00:00,5,Savvy Exchange,5.3,935.78,L,-935.78,1805.2
2025-10-24T20:20:01.178191+01:00,1.249450509,1m2f Mdn,Dundalk 24th Oct,2025-10-24 19:15:00+00:00,6,Ben Lawers,1.95,1805.2,L,-1805.2,0.0
2025-10-25T12:59:31.650359+01:00,1.249504732,1m4f Hcap,Newbury 25th Oct,2025-10-25 11:50:00+00:00,1,Letmebetheboss,5.1,80.0,L,-80.0,1920.0
2025-10-25T13:19:31.909666+01:00,1.249504854,2m4f Nov Hcap Chs,Cheltenham 25th Oct,2025-10-25 12:10:00+00:00,2,Newton Tornado,4.5,120.0,L,-120.0,1800.0
2025-10-25T13:32:01.436693+01:00,1.249504738,6f Nursery,Newbury 25th Oct,2025-10-25 12:25:00+00:00,3,Better And Better,4.4,180.0,L,-180.0,1620.0
2025-10-25T13:56:31.712250+01:00,1.249504862,3m Nov Hrd,Cheltenham 25th Oct,2025-10-25 12:45:00+00:00,4,Pour Les Filles,4.5,270.0,L,-270.0,1350.0
2025-10-25T14:10:31.169447+01:00,1.249505012,1m Grp 1,Doncaster 25th Oct,2025-10-25 13:05:00+00:00,5,Benvenuto Cellini,3.25,405.0,L,-405.0,945.0
2025-10-25T14:31:31.804938+01:00,1.249504959,3m1f Hcap Chs,Cheltenham 25th Oct,2025-10-25 13:20:00+00:00,6,The Short Go,5.6,945.0,L,-945.0,0.0
2025-10-26T12:31:31.799478+00:00,1.249591041,2m2f Hcap Hrd,Fontwell 26th Oct,2025-10-26 12:22:00+00:00,1,Brave Knight,3.25,80.0,W,180.0,2180.0
2025-10-26T12:52:01.732850+00:00,1.249548172,3m Hcap Hrd,Aintree 26th Oct,2025-10-26 12:40:00+00:00,1,Heather Honey,5.0,87.2,L,-87.2,2092.8
2025-10-26T13:14:31.478816+00:00,1.249553262,2m3f Hcap Chs,Wexford 26th Oct,2025-10-26 13:05:00+00:00,2,Nouvotic,5.2,130.8,W,549.3600000000001,2642.1600000000003
2025-10-26T13:35:31.674077+00:00,1.249552843,2m6f Beg Chs,Galway 26th Oct,2025-10-26 13:25:00+00:00,1,Oscars Brother,2.94,105.69,W,205.0386,2847.1985999999997
2025-10-26T14:01:31.839787+00:00,1.249548185,3m1f Hcap Chs,Aintree 26th Oct,2025-10-26 13:50:00+00:00,1,Ashtown Lad,4.5,113.89,L,-113.89,2733.31
2025-10-26T14:28:02.006412+00:00,1.249553272,2m4f Mdn Hrd,Wexford 26th Oct,2025-10-26 14:14:00+00:00,2,Open Secret,3.2,170.84,L,-170.84,2562.47
2025-10-26T14:44:31.726740+00:00,1.249552853,2m6f Hcap Chs,Galway 26th Oct,2025-10-26 14:35:00+00:00,3,Bal Kauto,2.84,281.89,L,-281.89,2280.58
2025-10-26T15:03:31.502614+00:00,1.249548197,2m4f Hcap Chs,Aintree 26th Oct,2025-10-26 14:55:00+00:00,4,Imperial Saint,2.8,465.12,L,-465.12,1815.46
2025-10-26T15:27:01.971153+00:00,1.249591072,2m2f Mdn Hrd,Fontwell 26th Oct,2025-10-26 15:15:00+00:00,5,Leaumec De Mee,2.12,1105.44,L,-1105.44,710.02
2025-10-26T15:46:01.428192+00:00,1.249552863,2m5f Mdn Hrd,Galway 26th Oct,2025-10-26 15:38:00+00:00,6,He Cant Dance,2.72,710.02,L,-710.02,0.0
2025-10-27T12:30:01.377800+00:00,1.249591091,7f Hcap,Lingfield 27th Oct,2025-10-27 12:25:00+00:00,1,Daisy Roots,4.9,80.0,L,-80.0,1920.0
2025-10-27T13:05:01.329239+00:00,1.249591097,5f Nov Stks,Lingfield 27th Oct,2025-10-27 12:55:00+00:00,2,Butterfly Beach,2.04,92.31,L,-92.31,1827.69
2025-10-27T13:25:31.210563+00:00,1.249653213,2m Mdn Hrd,Wexford 27th Oct,2025-10-27 13:17:00+00:00,3,Lukers Tipple,3.4,138.47,L,-138.47,1689.22
2025-10-27T13:42:31.373788+00:00,1.249592741,7f Mdn,Galway 27th Oct,2025-10-27 13:35:00+00:00,4,Garden Party,1.73,510.88,L,-510.88,1178.3400000000001
2025-10-27T14:05:01.750130+00:00,1.249591111,1m2f Hcap,Lingfield 27th Oct,2025-10-27 13:55:00+00:00,5,Latin,4.8,766.32,L,-766.32,412.01999999999987
2025-10-27T14:22:01.725379+00:00,1.249591206,2m4f Nov Hcap Chs,Bangor-on-Dee 27th Oct,2025-10-27 14:12:00+00:00,6,Saracen Beau,7.0,412.02,L,-412.02,0.0
2025-10-28T13:17:01.613502+00:00,1.249654291,5f Mdn Stks,Catterick 28th Oct,2025-10-28 13:10:00+00:00,1,Star Noir,1.98,80.0,L,-80.0,1920.0
2025-10-28T13:39:31.819573+00:00,1.249654338,2m4f Mdn Hrd,Ffos Las 28th Oct,2025-10-28 13:28:00+00:00,2,Kalkbrenner,3.95,120.0,W,354.0,2274.0
2025-10-28T13:56:31.548811+00:00,1.249654248,6f Nov Stks,Leicester 28th Oct,2025-10-28 13:50:00+00:00,1,Blindfold Games,4.2,90.96,L,-90.96,2183.04
2025-10-28T14:15:31.403348+00:00,1.249654298,1m4f Hcap,Catterick 28th Oct,2025-10-28 14:10:00+00:00,2,Nightsinwhitesatin,3.1,136.44,L,-136.44,2046.6
2025-10-28T14:37:01.610907+00:00,1.249654351,2m Hcap Hrd,Ffos Las 28th Oct,2025-10-28 14:28:00+00:00,3,Surrey Lord,6.0,204.66,W,1023.3,3069.8999999999996
2025-10-28T14:56:01.262176+00:00,1.249654262,6f Mdn Stks,Leicester 28th Oct,2025-10-28 14:50:00+00:00,1,Crown Office,1.65,122.8,W,79.82,3149.7200000000003
2025-10-28T15:17:01.534792+00:00,1.249654317,2m Hcap,Catterick 28th Oct,2025-10-28 15:10:00+00:00,1,Bollin Neil,4.2,125.99,L,-125.99,3023.73
2025-10-28T15:38:32.099293+00:00,1.249654365,2m3f Hcap Chs,Ffos Las 28th Oct,2025-10-28 15:28:00+00:00,2,Willmount,4.1,188.99,L,-188.99,2834.74
2025-10-28T15:57:01.537087+00:00,1.249654274,1m Hcap,Leicester 28th Oct,2025-10-28 15:50:00+00:00,3,Carnival Day,4.5,283.49,L,-283.49,2551.25
2025-10-28T16:37:31.855517+00:00,1.249654379,2m NHF,Ffos Las 28th Oct,2025-10-28 16:30:00+00:00,4,A King Of Magic,2.08,664.97,L,-664.97,1886.28
2025-10-28T17:38:02.005821+00:00,1.249654089,6f Mdn Stks,Wolverhampton 28th Oct,2025-10-28 17:30:00+00:00,5,Coronado King,1.81,1871.77,W,1516.1337,3402.4137
2025-10-28T18:40:02.265291+00:00,1.249654101,6f Nursery,Wolverhampton 28th Oct,2025-10-28 18:30:00+00:00,1,Green Dame,2.36,136.1,L,-136.1,3266.31
2025-10-28T19:07:31.836070+00:00,1.249654107,2m Hcap,Wolverhampton 28th Oct,2025-10-28 19:00:00+00:00,2,Simiyann,3.0,204.15,L,-204.15,3062.16
2025-10-28T19:36:31.942635+00:00,1.249654114,1m Nov Stks,Wolverhampton 28th Oct,2025-10-28 19:30:00+00:00,3,Tryst,2.64,336.85,W,552.4340000000001,3614.594
2025-10-28T20:07:02.022761+00:00,1.249654120,7f Hcap,Wolverhampton 28th Oct,2025-10-28 20:00:00+00:00,1,Hes A Gentleman,2.34,144.59,W,193.7506,3808.3406
2025-10-29T18:12:02.465171+00:00,1.249716040,1m Nov Stks,Kempton 29th Oct,2025-10-29 18:00:00+00:00,1,Prizeland,2.74,80.0,W,139.20000000000002,2139.2
2025-10-29T18:38:31.830308+00:00,1.249716047,1m Hcap,Kempton 29th Oct,2025-10-29 18:30:00+00:00,1,Cogitate,4.6,85.57,L,-85.57,2053.6299999999997
2025-10-29T19:39:02.160304+00:00,1.249716151,1m4f Hcap,Kempton 29th Oct,2025-10-29 19:30:00+00:00,2,Pride Of Donegal,3.6,128.36,L,-128.36,1925.27
2025-10-29T20:06:01.598653+00:00,1.249716158,7f Hcap,Kempton 29th Oct,2025-10-29 20:00:00+00:00,3,Al Waqidi,4.9,192.54,L,-192.54,1732.73
2025-10-30T12:57:19.984774+00:00,1.249761251,2m2f Sell Hrd,Stratford 30th Oct,2025-10-30 12:47:00+00:00,1,Dickens,1.81,80.0,L,-80.0,1920.0
2025-10-30T13:16:01.294327+00:00,1.249761134,2m1f Mdn Hrd,Newcastle 30th Oct,2025-10-30 13:08:00+00:00,2,Cueros,2.7,132.0,W,224.40000000000003,2144.4
2025-10-30T13:35:32.689276+00:00,1.249761359,1m Nov Stks,Bath 30th Oct,2025-10-30 13:25:00+00:00,1,Arc Ole Ole,3.8,85.78,W,240.184,2384.5840000000003
2025-10-30T13:56:01.573278+00:00,1.249761265,2m Nov Hrd,Stratford 30th Oct,2025-10-30 13:47:00+00:00,1,Wandering Ego,2.92,95.39,W,183.1488,2567.7288
2025-10-30T14:16:01.325482+00:00,1.249761151,2m1f Hcap Hrd,Newcastle 30th Oct,2025-10-30 14:08:00+00:00,1,Fairly Fulling,5.6,102.71,L,-102.71,2465.02
2025-10-30T14:31:31.352895+00:00,1.249761372,1m Hcap,Bath 30th Oct,2025-10-30 14:25:00+00:00,2,Equion,3.0,154.07,L,-154.07,2310.95
2025-10-30T14:49:01.563716+00:00,1.249761146,2m7f Beg Chs,Newcastle 30th Oct,2025-10-30 14:38:00+00:00,3,Chasingouttheblues,1.91,338.62,L,-338.62,1972.33
2025-10-30T15:10:31.759646+00:00,1.249769539,2m6f Mdn Hrd,Thurles 30th Oct,2025-10-30 15:00:00+00:00,4,Found A Diamond,2.24,576.2,W,714.4880000000002,2686.818
2025-10-30T15:26:31.555547+00:00,1.249761309,2m2f Hcap Hrd,Stratford 30th Oct,2025-10-30 15:17:00+00:00,1,Soldiers Leap,3.9,107.48,W,311.692,2998.512
2025-10-30T15:46:31.523225+00:00,1.249761169,2m4f Hcap Chs,Newcastle 30th Oct,2025-10-30 15:38:00+00:00,1,Whizz Kid,3.1,119.95,L,-119.95,2878.5600000000004
2025-10-30T16:10:01.698127+00:00,1.249769549,1m7f Hcap Hrd,Thurles 30th Oct,2025-10-30 16:00:00+00:00,2,Inchiquin Maid,5.5,179.93,L,-179.93,2698.63
2025-10-30T16:25:31.475949+00:00,1.249761322,2m NHF,Stratford 30th Oct,2025-10-30 16:17:00+00:00,3,Tenter Le Tout,3.15,269.9,L,-269.9,2428.73
2025-10-30T16:43:01.525404+00:00,1.249769554,1m7f NHF,Thurles 30th Oct,2025-10-30 16:34:00+00:00,4,Garahon,3.7,404.85,L,-404.85,2023.88
2025-10-30T17:05:31.321573+00:00,1.249761195,5f Nov Stks,Southwell 30th Oct,2025-10-30 17:00:00+00:00,5,Birdcall,1.22,5316.17,W,1169.5574,3193.4374
2025-10-30T17:20:01.430604+00:00,1.249761067,6f Nursery,Chelmsford City 30th Oct,2025-10-30 17:15:00+00:00,1,Woody Y Fernandez,3.7,127.74,L,-127.74,3065.7000000000003
2025-10-30T17:40:31.799060+00:00,1.249761206,1m3f Hcap,Southwell 30th Oct,2025-10-30 17:30:00+00:00,2,Lightning Touch,3.05,191.61,L,-191.61,2874.0899999999997
2025-10-30T18:11:31.977530+00:00,1.249761213,7f Hcap,Southwell 30th Oct,2025-10-30 18:00:00+00:00,3,Dapper Guest,4.6,287.42,L,-287.42,2586.67
2025-10-30T18:38:31.758112+00:00,1.249761219,1m6f Hcap,Southwell 30th Oct,2025-10-30 18:30:00+00:00,4,Doddington Guy,3.95,431.13,L,-431.13,2155.54
2025-10-30T19:06:01.373040+00:00,1.249761225,1m3f Hcap,Southwell 30th Oct,2025-10-30 19:00:00+00:00,5,Divot,2.84,711.37,L,-711.37,1444.17
2025-10-30T19:36:31.462077+00:00,1.249761232,1m Hcap,Southwell 30th Oct,2025-10-30 19:30:00+00:00,6,Beaming Light,2.92,1444.17,L,-1444.17,0.0
2025-10-31T12:34:31.793492+00:00,1.249842746,2m Mdn Hrd,Uttoxeter 31st Oct,2025-10-31 12:25:00+00:00,1,La Conquiere,2.02,80.0,W,81.6,2081.6
2025-10-31T12:46:01.455930+00:00,1.249842692,1m2f Hcap,Newmarket 31st Oct,2025-10-31 12:40:00+00:00,1,Opera Wave,1.4,83.27,L,-83.27,1998.33
2025-10-31T13:03:31.451895+00:00,1.249842737,2m4f Hcap Chs,Uttoxeter 31st Oct,2025-10-31 12:55:00+00:00,2,Heeztheboy,5.8,124.91,L,-124.91,1873.4199999999998
2025-10-31T13:17:01.180767+00:00,1.249842695,7f Nov Stks,Newmarket 31st Oct,2025-10-31 13:10:00+00:00,3,Princling,3.7,187.37,L,-187.37,1686.0500000000002
2025-10-31T13:36:01.668849+00:00,1.249842753,2m4f Nov Hrd,Uttoxeter 31st Oct,2025-10-31 13:25:00+00:00,4,Just Golden,2.62,309.17,L,-309.17,1376.8799999999999
2025-10-31T13:56:31.692635+00:00,1.249842443,2m3f Hcap Hrd,Wetherby 31st Oct,2025-10-31 13:47:00+00:00,5,High Dancer,2.26,510.14,L,-510.14,866.7400000000001
2025-10-31T14:12:31.722077+00:00,1.249843673,2m1f Grd3 Nov Hrd,Down Royal 31st Oct,2025-10-31 14:02:00+00:00,6,Carrigmoornaspruce,1.9,866.74,L,-866.74,0.0
2025-11-01T11:58:01.620849+00:00,1.249886043,2m1f Hrd,Down Royal 1st Nov,2025-11-01 11:50:00+00:00,1,Mange Tout,1.6,80.0,W,48.00000000000001,2048.0
2025-11-01T12:34:31.706558+00:00,1.249886048,2m1f Mdn Hrd,Down Royal 1st Nov,2025-11-01 12:25:00+00:00,1,Kalypsochance,1.25,81.92,L,-81.92,1966.08
2025-11-01T12:49:01.584456+00:00,1.249883683,2m Nov Hrd,Wetherby 1st Nov,2025-11-01 12:40:00+00:00,2,Sleeping Late,2.78,135.17,L,-135.17,1830.9099999999999
2025-11-01T13:05:01.707041+00:00,1.249883633,2m3f Nov Hcap Hrd,Ascot 1st Nov,2025-11-01 12:55:00+00:00,3,At The Oche,3.5,202.76,L,-202.76,1628.15
2025-11-01T13:25:01.657191+00:00,1.249883690,2m3f Hcap Chs,Wetherby 1st Nov,2025-11-01 13:15:00+00:00,4,Lightning Flash,2.34,334.56,L,-334.56,1293.5900000000001
2025-11-01T13:44:01.460155+00:00,1.249886058,2m1f Hcap Hrd,Down Royal 1st Nov,2025-11-01 13:35:00+00:00,5,Lieber Nicc,5.9,501.84,W,2459.016,3752.6059999999998
2025-11-01T14:03:31.840150+00:00,1.249883696,2m Listed,Wetherby 1st Nov,2025-11-01 13:50:00+00:00,1,Golden Ace,1.45,150.11,L,-150.11,3602.5
2025-11-01T14:21:31.816293+00:00,1.249886063,3m Hcap Chs,Down Royal 1st Nov,2025-11-01 14:10:00+00:00,2,Ceanndana,5.0,225.17,L,-225.17,3377.33
2025-11-01T14:39:01.749454+00:00,1.249883793,2m4f Hcap Chs,Ayr 1st Nov,2025-11-01 14:29:00+00:00,3,Visual Impact,5.3,337.76,L,-337.76,3039.5699999999997
2025-11-01T15:07:01.593599+00:00,1.249883703,3m Grd2 Chs,Wetherby 1st Nov,2025-11-01 14:57:00+00:00,4,Djelo,3.35,506.64,W,1190.604,4230.174
2025-11-01T15:24:31.634442+00:00,1.249886073,2m3f Chs Grd2,Down Royal 1st Nov,2025-11-01 15:15:00+00:00,1,Firefox,1.72,169.21,W,121.8312,4352.0012
2025-11-01T15:41:01.852560+00:00,1.249883710,2m Hcap Hrd,Wetherby 1st Nov,2025-11-01 15:30:00+00:00,1,Saligo Bay,3.55,174.08,W,443.904,4795.904
2025-11-01T15:58:31.460261+00:00,1.249886078,2m1f INHF,Down Royal 1st Nov,2025-11-01 15:50:00+00:00,1,Ballyfad,1.89,191.84,W,170.7376,4966.6376
2025-11-01T16:15:01.755526+00:00,1.249883718,3m Hcap Chs,Wetherby 1st Nov,2025-11-01 16:05:00+00:00,1,Red Delta,3.1,198.67,L,-198.67,4767.97
2025-11-01T16:52:01.564973+00:00,1.249883832,1m Nursery,Newcastle 1st Nov,2025-11-01 16:45:00+00:00,2,Bird Of War,2.74,327.81,W,570.3894,5338.3594
2025-11-01T18:20:31.450512+00:00,1.249883851,1m Hcap,Newcastle 1st Nov,2025-11-01 18:15:00+00:00,1,Forest Caper,2.3,200.0,L,-200.0,5138.36
2025-11-01T19:21:01.758633+00:00,1.249883865,7f Hcap,Newcastle 1st Nov,2025-11-01 19:15:00+00:00,2,Travis,4.5,300.0,L,-300.0,4838.36
2025-11-02T12:20:31.775137+00:00,1.249927047,2m Mdn Hrd,Cork 2nd Nov,2025-11-02 12:10:00+00:00,1,Mister Pessimistic,1.53,80.0,W,42.400000000000006,2042.4
2025-11-02T12:49:31.416429+00:00,1.249927052,2m Mdn Hrd,Cork 2nd Nov,2025-11-02 12:40:00+00:00,1,Im Slippy,1.39,81.7,W,31.862999999999992,2074.263
2025-11-02T13:18:01.371891+00:00,1.249927057,2m Hcap Hrd,Cork 2nd Nov,2025-11-02 13:10:00+00:00,1,Crowsatedappletart,4.0,82.98,L,-82.98,1991.2800000000002
2025-11-02T13:29:31.249815+00:00,1.249927098,7f Cond Stks,Curragh 2nd Nov,2025-11-02 13:25:00+00:00,2,Tinas Indian,1.64,155.59,W,99.57759999999999,2090.8576
2025-11-02T13:49:01.438480+00:00,1.249927062,2m4f Mdn Hrd,Cork 2nd Nov,2025-11-02 13:40:00+00:00,1,Echoing Silence,2.56,83.64,W,130.4784,2221.3384
2025-11-02T14:02:31.289699+00:00,1.249927103,7f Hcap,Curragh 2nd Nov,2025-11-02 13:55:00+00:00,1,Tai Tam Bay,8.4,88.86,L,-88.86,2132.48
2025-11-02T14:22:31.964575+00:00,1.249927067,3m Listed Nov Hrd,Cork 2nd Nov,2025-11-02 14:10:00+00:00,2,Good Girl Kathleen,2.8,146.62,L,-146.62,1985.8600000000001
2025-11-02T14:37:31.445844+00:00,1.249927108,2m Grp 3,Curragh 2nd Nov,2025-11-02 14:30:00+00:00,3,Chally Chute,2.78,241.93,W,430.63539999999995,2416.4954
2025-11-02T14:56:01.670056+00:00,1.249927072,2m4f Nov Chs Grd3,Cork 2nd Nov,2025-11-02 14:45:00+00:00,1,Mossy Fen Park,2.56,96.66,L,-96.66,2319.84
2025-11-02T15:11:01.190830+00:00,1.249927113,1m Hcap,Curragh 2nd Nov,2025-11-02 15:05:00+00:00,2,State Actor,6.8,144.99,L,-144.99,2174.8500000000004
2025-11-02T15:31:01.634939+00:00,1.249927077,3m4f Listed Hcap Chs,Cork 2nd Nov,2025-11-02 15:20:00+00:00,3,Bal Kauto,6.4,217.49,L,-217.49,1957.36
2025-11-02T15:49:01.569863+00:00,1.249927118,1m4f Listed,Curragh 2nd Nov,2025-11-02 15:40:00+00:00,4,Starford,3.85,326.24,L,-326.24,1631.12
2025-11-02T16:11:32.238209+00:00,1.249927082,2m4f Hcap Hrd,Cork 2nd Nov,2025-11-02 15:55:00+00:00,5,Arctic Gale,5.9,489.36,L,-489.36,1141.7599999999998
2025-11-21T12:13:02.256088+00:00,1.250758836,2m4f Mdn Hrd,Fairyhouse 21st Nov,2025-11-21 12:00:00+00:00,1,Dippedinmoonlight,3.35,2.0,L,-2.0,48.0
2025-11-21T12:42:01.537579+00:00,1.250758841,3m Hcap Hrd,Fairyhouse 21st Nov,2025-11-21 12:31:00+00:00,2,Lough Nigara,3.8,3.0,L,-3.0,45.0
2025-11-21T13:24:01.412182+00:00,1.250757816,3m1f Hcap Hrd,Catterick 21st Nov,2025-11-21 13:15:00+00:00,3,Heather Honey,2.9,4.95,W,9.405,54.405
2025-11-21T13:50:31.509380+00:00,1.250758851,3m Hcap Chs,Fairyhouse 21st Nov,2025-11-21 13:41:00+00:00,1,Duffys Hodey,2.56,2.16,L,-2.16,51.69
2025-11-21T14:26:31.476342+00:00,1.250758856,3m Hunt Chs,Fairyhouse 21st Nov,2025-11-21 14:16:00+00:00,2,Cons Roc,3.8,3.24,W,9.072,60.762
2025-11-22T11:38:31.560841+00:00,1.250781450,2m1f Mdn Hrd,Punchestown 22nd Nov,2025-11-22 11:30:00+00:00,1,Quinta Do Lago,2.38,2.41,W,3.3258,63.5458
2025-11-22T11:52:01.297181+00:00,1.250778182,2m Mdn Hrd,Huntingdon 22nd Nov,2025-11-22 11:45:00+00:00,1,Unjeu Royal,2.52,2.54,L,-2.54,60.81
2025-11-22T12:11:31.587683+00:00,1.250781455,2m3f Mdn Hrd,Punchestown 22nd Nov,2025-11-22 12:00:00+00:00,2,Santo Sospir,2.54,4.2,W,6.468000000000001,67.278
2025-11-22T12:25:01.366555+00:00,1.250778188,3m1f Hcap Hrd,Huntingdon 22nd Nov,2025-11-22 12:15:00+00:00,1,Icaque De Lisle,4.4,2.68,L,-2.68,64.21
2025-11-22T12:46:31.278721+00:00,1.250778282,2m Hcap Chs,Haydock 22nd Nov,2025-11-22 12:40:00+00:00,2,Davids Well,3.8,4.02,W,11.255999999999998,75.466
2025-11-22T12:57:31.469871+00:00,1.250778194,2m7f Hcap Chs,Huntingdon 22nd Nov,2025-11-22 12:48:00+00:00,1,Molto Bene,3.0,3.0,W,6.0,80.79
2025-11-22T13:15:01.587978+00:00,1.250781465,3m Grd2 Nov Chs,Punchestown 22nd Nov,2025-11-22 13:05:00+00:00,1,Oscars Brother,2.98,3.22,W,6.3756,86.80560000000001
2025-11-22T13:30:31.180794+00:00,1.250778209,2m Hcap Hrd,Huntingdon 22nd Nov,2025-11-22 13:23:00+00:00,1,King Ulanda,4.3,3.46,L,-3.46,82.96000000000001
2025-11-22T13:50:01.601417+00:00,1.250781470,2m5f Hcap Chs,Punchestown 22nd Nov,2025-11-22 13:40:00+00:00,2,Waterford Whispers,2.42,5.71,L,-5.71,77.25
2025-11-22T14:09:01.604156+00:00,1.250778201,2m3f Hcap Hrd,Huntingdon 22nd Nov,2025-11-22 13:58:00+00:00,3,Tramuntana,3.55,8.57,L,-8.57,68.68
2025-11-22T14:36:31.814008+00:00,1.250778301,3m Hcap Hrd,Haydock 22nd Nov,2025-11-22 14:25:00+00:00,4,Ma Shantou,5.7,12.86,L,-12.86,55.82000000000001
2025-11-22T14:48:31.254259+00:00,1.250778254,2m3f Grd2 Hrd,Ascot 22nd Nov,2025-11-22 14:40:00+00:00,5,Wodhooh,2.44,21.22,W,30.556799999999996,86.3768
2025-11-23T11:38:31.155057+00:00,1.250840534,2m1f Hrd,Cork 23rd Nov,2025-11-23 11:30:00+00:00,1,Minella Academy,1.97,20.0,W,19.4,519.4
2025-11-23T11:56:31.505655+00:00,1.250838801,3m XC Chs,Punchestown 23rd Nov,2025-11-23 11:43:00+00:00,1,The Goffer,3.7,20.78,L,-20.78,498.62
2025-11-23T12:09:01.184594+00:00,1.250840539,2m Mdn Hrd,Cork 23rd Nov,2025-11-23 12:00:00+00:00,2,Master Haku,2.48,34.29,L,-34.29,464.33
2025-11-23T12:44:00.851348+00:00,1.250837716,2m Nov Hrd,Windsor 23rd Nov,2025-11-23 12:37:00+00:00,3,Teddington Lock,3.95,51.44,L,-51.44,412.89
2025-11-23T12:59:31.025789+00:00,1.250837670,2m7f Nov Hrd,Exeter 23rd Nov,2025-11-23 12:51:00+00:00,4,Easy Love,2.48,84.88,L,-84.88,328.01
2025-11-23T13:16:00.977389+00:00,1.250837723,2m4f Nov Hcap Chs,Windsor 23rd Nov,2025-11-23 13:08:00+00:00,5,Rule Me In,2.86,140.06,L,-140.06,187.95
2025-11-23T13:35:01.050797+00:00,1.250837676,3m Nov Hcap Chs,Exeter 23rd Nov,2025-11-23 13:26:00+00:00,6,Not So Woolly,2.98,187.95,L,-187.95,0.0
2025-11-24T12:32:01.362611+00:00,1.250874735,2m Juv Hrd,Kempton 24th Nov,2025-11-24 12:25:00+00:00,1,Parchment,1.74,2.95,L,-2.95,70.6
2025-11-24T13:02:01.185905+00:00,1.250874740,2m Nov Hrd,Kempton 24th Nov,2025-11-24 12:55:00+00:00,2,Wandering Ego,2.62,4.87,L,-4.87,65.72999999999999
2025-11-24T13:13:01.297832+00:00,1.250876807,2m Mdn Hrd,Ludlow 24th Nov,2025-11-24 13:05:00+00:00,3,Snatch A Glance,2.74,8.04,W,13.9896,79.7196
2025-11-24T13:22:01.079656+00:00,1.250874089,2m1f Hcap Hrd,Sedgefield 24th Nov,2025-11-24 13:15:00+00:00,1,Bathgate,2.7,3.16,L,-3.16,75.72
2025-11-24T13:42:01.111358+00:00,1.250876814,2m Hcap Hrd,Ludlow 24th Nov,2025-11-24 13:35:00+00:00,2,No More Bolero,3.7,4.74,W,12.798000000000002,88.518
2025-11-24T13:52:01.190699+00:00,1.250874095,2m Hcap Chs,Sedgefield 24th Nov,2025-11-24 13:45:00+00:00,1,Huit Reflets,3.15,3.51,L,-3.51,84.24
2025-11-24T14:06:01.680051+00:00,1.250874860,3m Hcap Hrd,Kempton 24th Nov,2025-11-24 13:55:00+00:00,2,Court In A Storm,4.3,5.27,L,-5.27,78.97
2025-11-24T14:18:31.594638+00:00,1.250876820,3m Beg Chs,Ludlow 24th Nov,2025-11-24 14:08:00+00:00,3,Double Powerful,2.88,8.7,L,-8.7,70.27
2025-11-24T14:28:01.274156+00:00,1.250874102,2m4f Hcap Hrd,Sedgefield 24th Nov,2025-11-24 14:20:00+00:00,4,Harper Valley,4.3,13.05,W,43.065,113.335
2025-11-25T11:04:01.058241+00:00,1.250915438,5f Nursery,Lingfield 25th Nov,2025-11-25 11:00:00+00:00,1,Guernsey Angel,2.98,4.44,L,-4.44,106.32000000000001
2025-11-25T12:05:31.273493+00:00,1.250915451,1m2f Hcap,Lingfield 25th Nov,2025-11-25 12:00:00+00:00,2,Al Rufaa,3.05,6.66,L,-6.66,99.66
2025-11-25T12:36:01.434549+00:00,1.250915458,1m2f Hcap,Lingfield 25th Nov,2025-11-25 12:30:00+00:00,3,Eupator,3.05,9.99,L,-9.99,89.67
2025-11-25T12:48:01.428840+00:00,1.250915172,2m4f Hcap Chs,Southwell 25th Nov,2025-11-25 12:40:00+00:00,4,Valence Daumont,3.9,14.99,L,-14.99,74.68
2025-11-25T12:56:31.212380+00:00,1.250915220,2m Nov Hrd,Hereford 25th Nov,2025-11-25 12:50:00+00:00,5,Four Springs,2.42,24.74,W,35.130799999999994,109.8108
2025-11-25T13:13:01.264881+00:00,1.250962413,2m5f Hcap Hrd,Tramore 25th Nov,2025-11-25 13:05:00+00:00,1,Cousin Kate,4.4,4.31,L,-4.31,103.39999999999999
2025-11-25T13:25:01.374814+00:00,1.250915178,3m Nov Hcap Chs,Southwell 25th Nov,2025-11-25 13:15:00+00:00,2,Twp Stori,4.7,6.47,L,-6.47,96.93
2025-11-25T13:41:00.974966+00:00,1.250915471,1m Hcap,Lingfield 25th Nov,2025-11-25 13:35:00+00:00,3,Knickerbocker,3.4,9.71,L,-9.71,87.22
2025-11-25T14:08:01.274248+00:00,1.250915233,2m3f Hcap Hrd,Hereford 25th Nov,2025-11-25 14:00:00+00:00,4,Keep On Cobbling,4.8,14.57,L,-14.57,72.65
2025-11-25T14:17:01.117651+00:00,1.250915478,7f Hcap,Lingfield 25th Nov,2025-11-25 14:10:00+00:00,5,Holy Fire,2.98,24.05,L,-24.05,48.60000000000001
2025-11-25T14:32:01.122441+00:00,1.250915191,2m Mdn Hrd,Southwell 25th Nov,2025-11-25 14:25:00+00:00,6,Precious Metal,2.32,48.6,L,-48.6,0.0
